23:36:15.826 [INFO] (off_policy_trainer_carla.py:497) Total Episode:     1 Steps:     141 Episode Steps:   141 Return: -1.0000 Success:  0.00, D: 0.00 FPS:31.85
23:36:19.421 [INFO] (off_policy_trainer_carla.py:497) Total Episode:     2 Steps:     321 Episode Steps:   180 Return:  1.0000 Success:  0.05, D: 0.00 FPS:50.12
23:36:23.612 [INFO] (off_policy_trainer_carla.py:497) Total Episode:     3 Steps:     546 Episode Steps:   225 Return:  0.0000 Success:  0.05, D: 0.00 FPS:53.72
23:36:27.821 [INFO] (off_policy_trainer_carla.py:497) Total Episode:     4 Steps:     776 Episode Steps:   230 Return:  1.0000 Success:  0.10, D: 0.00 FPS:54.68
23:36:31.133 [INFO] (off_policy_trainer_carla.py:497) Total Episode:     5 Steps:     937 Episode Steps:   161 Return: -1.0000 Success:  0.10, D: 0.00 FPS:48.65
23:36:34.490 [INFO] (off_policy_trainer_carla.py:497) Total Episode:     6 Steps:    1082 Episode Steps:   145 Return: -1.0000 Success:  0.10, D: 0.00 FPS:43.23
23:36:37.497 [INFO] (off_policy_trainer_carla.py:497) Total Episode:     7 Steps:    1218 Episode Steps:   136 Return: -1.0000 Success:  0.10, D: 0.00 FPS:45.26
23:36:41.521 [INFO] (off_policy_trainer_carla.py:497) Total Episode:     8 Steps:    1432 Episode Steps:   214 Return:  1.0000 Success:  0.15, D: 0.00 FPS:53.21
23:36:44.406 [INFO] (off_policy_trainer_carla.py:497) Total Episode:     9 Steps:    1550 Episode Steps:   118 Return: -1.0000 Success:  0.15, D: 0.00 FPS:40.93
23:36:49.450 [INFO] (off_policy_trainer_carla.py:497) Total Episode:    10 Steps:    1852 Episode Steps:   302 Return:  0.0000 Success:  0.15, D: 0.00 FPS:59.90
23:36:54.604 [INFO] (off_policy_trainer_carla.py:497) Total Episode:    11 Steps:    2154 Episode Steps:   302 Return:  0.0000 Success:  0.15, D: 0.00 FPS:58.63
23:36:59.649 [INFO] (off_policy_trainer_carla.py:497) Total Episode:    12 Steps:    2456 Episode Steps:   302 Return:  0.0000 Success:  0.15, D: 0.00 FPS:59.88
23:37:02.393 [INFO] (off_policy_trainer_carla.py:497) Total Episode:    13 Steps:    2568 Episode Steps:   112 Return: -1.0000 Success:  0.15, D: 0.00 FPS:40.84
23:37:05.565 [INFO] (off_policy_trainer_carla.py:497) Total Episode:    14 Steps:    2717 Episode Steps:   149 Return:  0.0000 Success:  0.15, D: 0.00 FPS:47.02
23:37:08.287 [INFO] (off_policy_trainer_carla.py:497) Total Episode:    15 Steps:    2836 Episode Steps:   119 Return: -1.0000 Success:  0.15, D: 0.00 FPS:43.75
23:37:11.585 [INFO] (off_policy_trainer_carla.py:497) Total Episode:    16 Steps:    2999 Episode Steps:   163 Return: -1.0000 Success:  0.15, D: 0.00 FPS:49.45
23:37:15.516 [INFO] (off_policy_trainer_carla.py:497) Total Episode:    17 Steps:    3202 Episode Steps:   203 Return:  1.0000 Success:  0.20, D: 0.00 FPS:51.68
23:37:19.400 [INFO] (off_policy_trainer_carla.py:497) Total Episode:    18 Steps:    3391 Episode Steps:   189 Return: -1.0000 Success:  0.20, D: 0.00 FPS:48.69
23:37:23.516 [INFO] (off_policy_trainer_carla.py:497) Total Episode:    19 Steps:    3611 Episode Steps:   220 Return:  1.0000 Success:  0.25, D: 0.00 FPS:53.48
23:37:26.420 [INFO] (off_policy_trainer_carla.py:497) Total Episode:    20 Steps:    3743 Episode Steps:   132 Return: -1.0000 Success:  0.25, D: 0.00 FPS:45.50
23:37:29.780 [INFO] (off_policy_trainer_carla.py:497) Total Episode:    21 Steps:    3895 Episode Steps:   152 Return:  0.0000 Success:  0.25, D: 0.00 FPS:45.26
23:37:33.747 [INFO] (off_policy_trainer_carla.py:497) Total Episode:    22 Steps:    4102 Episode Steps:   207 Return:  1.0000 Success:  0.25, D: 0.00 FPS:52.25
23:37:37.755 [INFO] (off_policy_trainer_carla.py:497) Total Episode:    23 Steps:    4305 Episode Steps:   203 Return:  1.0000 Success:  0.30, D: 0.00 FPS:50.69
23:37:41.602 [INFO] (off_policy_trainer_carla.py:497) Total Episode:    24 Steps:    4506 Episode Steps:   201 Return:  1.0000 Success:  0.30, D: 0.00 FPS:52.27
23:37:44.063 [INFO] (off_policy_trainer_carla.py:497) Total Episode:    25 Steps:    4602 Episode Steps:    96 Return: -1.0000 Success:  0.30, D: 0.00 FPS:39.09
23:37:46.876 [INFO] (off_policy_trainer_carla.py:497) Total Episode:    26 Steps:    4726 Episode Steps:   124 Return: -1.0000 Success:  0.30, D: 0.00 FPS:44.11
23:37:49.616 [INFO] (off_policy_trainer_carla.py:497) Total Episode:    27 Steps:    4846 Episode Steps:   120 Return: -1.0000 Success:  0.30, D: 0.00 FPS:43.84
23:38:41.500 [INFO] (off_policy_trainer_carla.py:497) Total Episode:    28 Steps:    5072 Episode Steps:   226 Return:  1.0000 Success:  0.30, D: 0.00 FPS: 4.36
23:39:02.630 [INFO] (off_policy_trainer_carla.py:497) Total Episode:    29 Steps:    5279 Episode Steps:   207 Return:  1.0000 Success:  0.35, D: 0.00 FPS: 9.80
23:39:23.492 [INFO] (off_policy_trainer_carla.py:497) Total Episode:    30 Steps:    5483 Episode Steps:   204 Return:  1.0000 Success:  0.40, D: 0.00 FPS: 9.78
23:39:46.947 [INFO] (off_policy_trainer_carla.py:497) Total Episode:    31 Steps:    5711 Episode Steps:   228 Return:  1.0000 Success:  0.45, D: 0.00 FPS: 9.72
23:40:07.869 [INFO] (off_policy_trainer_carla.py:497) Total Episode:    32 Steps:    5915 Episode Steps:   204 Return:  1.0000 Success:  0.50, D: 0.00 FPS: 9.75
23:40:20.547 [INFO] (off_policy_trainer_carla.py:497) Total Episode:    33 Steps:    6033 Episode Steps:   118 Return: -1.0000 Success:  0.50, D: 0.00 FPS: 9.31
23:40:45.580 [INFO] (off_policy_trainer_carla.py:497) Total Episode:    34 Steps:    6278 Episode Steps:   245 Return:  1.0000 Success:  0.55, D: 0.00 FPS: 9.79
23:41:11.837 [INFO] (off_policy_trainer_carla.py:497) Total Episode:    35 Steps:    6531 Episode Steps:   253 Return:  1.0000 Success:  0.60, D: 0.00 FPS: 9.64
23:41:43.326 [INFO] (off_policy_trainer_carla.py:497) Total Episode:    36 Steps:    6833 Episode Steps:   302 Return:  0.0000 Success:  0.60, D: 0.00 FPS: 9.59
23:42:05.399 [INFO] (off_policy_trainer_carla.py:497) Total Episode:    37 Steps:    7049 Episode Steps:   216 Return:  1.0000 Success:  0.60, D: 0.00 FPS: 9.79
23:42:18.241 [INFO] (off_policy_trainer_carla.py:497) Total Episode:    38 Steps:    7168 Episode Steps:   119 Return: -1.0000 Success:  0.60, D: 0.00 FPS: 9.27
23:42:35.972 [INFO] (off_policy_trainer_carla.py:497) Total Episode:    39 Steps:    7336 Episode Steps:   168 Return: -1.0000 Success:  0.55, D: 0.00 FPS: 9.48
23:42:58.665 [INFO] (off_policy_trainer_carla.py:497) Total Episode:    40 Steps:    7555 Episode Steps:   219 Return:  1.0000 Success:  0.60, D: 0.00 FPS: 9.65
23:43:19.972 [INFO] (off_policy_trainer_carla.py:497) Total Episode:    41 Steps:    7758 Episode Steps:   203 Return:  0.0000 Success:  0.60, D: 0.00 FPS: 9.53
23:43:41.175 [INFO] (off_policy_trainer_carla.py:497) Total Episode:    42 Steps:    7963 Episode Steps:   205 Return: -1.0000 Success:  0.55, D: 0.00 FPS: 9.67
23:44:03.193 [INFO] (off_policy_trainer_carla.py:497) Total Episode:    43 Steps:    8177 Episode Steps:   214 Return:  1.0000 Success:  0.55, D: 0.00 FPS: 9.72
23:44:29.881 [INFO] (off_policy_trainer_carla.py:497) Total Episode:    44 Steps:    8439 Episode Steps:   262 Return:  1.0000 Success:  0.55, D: 0.00 FPS: 9.82
23:44:48.990 [INFO] (off_policy_trainer_carla.py:497) Total Episode:    45 Steps:    8623 Episode Steps:   184 Return:  0.0000 Success:  0.55, D: 0.00 FPS: 9.63
23:45:10.970 [INFO] (off_policy_trainer_carla.py:497) Total Episode:    46 Steps:    8836 Episode Steps:   213 Return:  1.0000 Success:  0.60, D: 0.00 FPS: 9.69
23:45:22.940 [INFO] (off_policy_trainer_carla.py:497) Total Episode:    47 Steps:    8946 Episode Steps:   110 Return: -1.0000 Success:  0.60, D: 0.00 FPS: 9.19
23:45:46.477 [INFO] (off_policy_trainer_carla.py:497) Total Episode:    48 Steps:    9175 Episode Steps:   229 Return:  1.0000 Success:  0.60, D: 0.00 FPS: 9.73
23:46:06.632 [INFO] (off_policy_trainer_carla.py:497) Total Episode:    49 Steps:    9365 Episode Steps:   190 Return:  0.0000 Success:  0.55, D: 0.00 FPS: 9.43
23:46:28.987 [INFO] (off_policy_trainer_carla.py:497) Total Episode:    50 Steps:    9583 Episode Steps:   218 Return:  0.0000 Success:  0.50, D: 0.00 FPS: 9.75
23:46:51.668 [INFO] (off_policy_trainer_carla.py:497) Total Episode:    51 Steps:    9802 Episode Steps:   219 Return:  1.0000 Success:  0.50, D: 0.00 FPS: 9.66
23:47:04.253 [INFO] (off_policy_trainer_carla.py:497) Total Episode:    52 Steps:    9919 Episode Steps:   117 Return: -1.0000 Success:  0.45, D: 0.00 FPS: 9.30
23:47:26.020 [INFO] (off_policy_trainer_carla.py:497) Total Episode:    53 Steps:   10130 Episode Steps:   211 Return:  0.0000 Success:  0.45, D: 0.00 FPS: 9.69
23:47:40.201 [INFO] (off_policy_trainer_carla.py:497) Total Episode:    54 Steps:   10260 Episode Steps:   130 Return: -1.0000 Success:  0.40, D: 0.00 FPS: 9.17
23:48:05.054 [INFO] (off_policy_trainer_carla.py:497) Total Episode:    55 Steps:   10504 Episode Steps:   244 Return:  1.0000 Success:  0.40, D: 0.00 FPS: 9.82
23:48:23.847 [INFO] (off_policy_trainer_carla.py:497) Total Episode:    56 Steps:   10684 Episode Steps:   180 Return:  1.0000 Success:  0.45, D: 0.00 FPS: 9.58
23:48:39.809 [INFO] (off_policy_trainer_carla.py:497) Total Episode:    57 Steps:   10835 Episode Steps:   151 Return: -1.0000 Success:  0.40, D: 0.00 FPS: 9.46
23:49:02.557 [INFO] (off_policy_trainer_carla.py:497) Total Episode:    58 Steps:   11056 Episode Steps:   221 Return:  1.0000 Success:  0.45, D: 0.00 FPS: 9.72
23:49:28.180 [INFO] (off_policy_trainer_carla.py:497) Total Episode:    59 Steps:   11307 Episode Steps:   251 Return:  1.0000 Success:  0.50, D: 0.00 FPS: 9.80
23:49:58.676 [INFO] (off_policy_trainer_carla.py:497) Total Episode:    60 Steps:   11609 Episode Steps:   302 Return:  0.0000 Success:  0.45, D: 0.00 FPS: 9.90
23:50:29.479 [INFO] (off_policy_trainer_carla.py:497) Total Episode:    61 Steps:   11911 Episode Steps:   302 Return:  0.0000 Success:  0.45, D: 0.00 FPS: 9.81
23:50:44.267 [INFO] (off_policy_trainer_carla.py:497) Total Episode:    62 Steps:   12049 Episode Steps:   138 Return: -1.0000 Success:  0.45, D: 0.00 FPS: 9.33
23:51:05.029 [INFO] (off_policy_trainer_carla.py:497) Total Episode:    63 Steps:   12250 Episode Steps:   201 Return:  0.0000 Success:  0.40, D: 0.00 FPS: 9.68
23:51:28.913 [INFO] (off_policy_trainer_carla.py:497) Total Episode:    64 Steps:   12482 Episode Steps:   232 Return:  1.0000 Success:  0.40, D: 0.00 FPS: 9.71
23:51:59.554 [INFO] (off_policy_trainer_carla.py:497) Total Episode:    65 Steps:   12784 Episode Steps:   302 Return:  0.0000 Success:  0.40, D: 0.00 FPS: 9.86
23:52:23.863 [INFO] (off_policy_trainer_carla.py:497) Total Episode:    66 Steps:   13022 Episode Steps:   238 Return:  0.0000 Success:  0.35, D: 0.00 FPS: 9.79
23:52:41.273 [INFO] (off_policy_trainer_carla.py:497) Total Episode:    67 Steps:   13189 Episode Steps:   167 Return: -1.0000 Success:  0.35, D: 0.00 FPS: 9.59
23:53:11.603 [INFO] (off_policy_trainer_carla.py:497) Total Episode:    68 Steps:   13491 Episode Steps:   302 Return:  0.0000 Success:  0.30, D: 0.00 FPS: 9.96
23:53:33.803 [INFO] (off_policy_trainer_carla.py:497) Total Episode:    69 Steps:   13707 Episode Steps:   216 Return:  1.0000 Success:  0.35, D: 0.00 FPS: 9.73
23:53:48.504 [INFO] (off_policy_trainer_carla.py:497) Total Episode:    70 Steps:   13846 Episode Steps:   139 Return: -1.0000 Success:  0.35, D: 0.00 FPS: 9.46
23:54:15.737 [INFO] (off_policy_trainer_carla.py:497) Total Episode:    71 Steps:   14112 Episode Steps:   266 Return:  1.0000 Success:  0.35, D: 0.00 FPS: 9.77
23:54:45.987 [INFO] (off_policy_trainer_carla.py:497) Total Episode:    72 Steps:   14414 Episode Steps:   302 Return:  0.0000 Success:  0.35, D: 0.00 FPS: 9.98
23:55:03.860 [INFO] (off_policy_trainer_carla.py:497) Total Episode:    73 Steps:   14585 Episode Steps:   171 Return:  0.0000 Success:  0.35, D: 0.00 FPS: 9.57
23:55:34.215 [INFO] (off_policy_trainer_carla.py:497) Total Episode:    74 Steps:   14887 Episode Steps:   302 Return:  0.0000 Success:  0.35, D: 0.00 FPS: 9.95
23:55:47.433 [INFO] (off_policy_trainer_carla.py:497) Total Episode:    75 Steps:   15011 Episode Steps:   124 Return: -1.0000 Success:  0.30, D: 0.00 FPS: 9.38
23:56:05.397 [INFO] (off_policy_trainer_carla.py:497) Total Episode:    76 Steps:   15184 Episode Steps:   173 Return: -1.0000 Success:  0.25, D: 0.00 FPS: 9.63
23:56:36.331 [INFO] (off_policy_trainer_carla.py:497) Total Episode:    77 Steps:   15486 Episode Steps:   302 Return:  0.0000 Success:  0.25, D: 0.00 FPS: 9.76
23:57:06.866 [INFO] (off_policy_trainer_carla.py:497) Total Episode:    78 Steps:   15788 Episode Steps:   302 Return:  0.0000 Success:  0.20, D: 0.00 FPS: 9.89
23:57:25.181 [INFO] (off_policy_trainer_carla.py:497) Total Episode:    79 Steps:   15964 Episode Steps:   176 Return: -1.0000 Success:  0.15, D: 0.00 FPS: 9.61
23:57:55.847 [INFO] (off_policy_trainer_carla.py:497) Total Episode:    80 Steps:   16266 Episode Steps:   302 Return:  0.0000 Success:  0.15, D: 0.00 FPS: 9.85
23:58:15.309 [INFO] (off_policy_trainer_carla.py:497) Total Episode:    81 Steps:   16453 Episode Steps:   187 Return:  1.0000 Success:  0.20, D: 0.00 FPS: 9.61
23:58:40.667 [INFO] (off_policy_trainer_carla.py:497) Total Episode:    82 Steps:   16702 Episode Steps:   249 Return:  1.0000 Success:  0.25, D: 0.00 FPS: 9.82
23:59:00.443 [INFO] (off_policy_trainer_carla.py:497) Total Episode:    83 Steps:   16891 Episode Steps:   189 Return:  0.0000 Success:  0.25, D: 0.00 FPS: 9.56
23:59:22.197 [INFO] (off_policy_trainer_carla.py:497) Total Episode:    84 Steps:   17102 Episode Steps:   211 Return:  1.0000 Success:  0.25, D: 0.00 FPS: 9.70
23:59:39.976 [INFO] (off_policy_trainer_carla.py:497) Total Episode:    85 Steps:   17271 Episode Steps:   169 Return:  0.0000 Success:  0.25, D: 0.00 FPS: 9.51
23:59:55.533 [INFO] (off_policy_trainer_carla.py:497) Total Episode:    86 Steps:   17418 Episode Steps:   147 Return:  0.0000 Success:  0.25, D: 0.00 FPS: 9.45
00:00:16.152 [INFO] (off_policy_trainer_carla.py:497) Total Episode:    87 Steps:   17618 Episode Steps:   200 Return:  0.0000 Success:  0.25, D: 0.00 FPS: 9.70
00:00:41.424 [INFO] (off_policy_trainer_carla.py:497) Total Episode:    88 Steps:   17864 Episode Steps:   246 Return:  1.0000 Success:  0.30, D: 0.00 FPS: 9.74
00:01:09.022 [INFO] (off_policy_trainer_carla.py:497) Total Episode:    89 Steps:   18136 Episode Steps:   272 Return:  1.0000 Success:  0.30, D: 0.00 FPS: 9.86
00:01:24.722 [INFO] (off_policy_trainer_carla.py:497) Total Episode:    90 Steps:   18283 Episode Steps:   147 Return:  0.0000 Success:  0.30, D: 0.00 FPS: 9.36
00:01:53.230 [INFO] (off_policy_trainer_carla.py:497) Total Episode:    91 Steps:   18561 Episode Steps:   278 Return:  1.0000 Success:  0.30, D: 0.00 FPS: 9.75
00:02:14.191 [INFO] (off_policy_trainer_carla.py:497) Total Episode:    92 Steps:   18760 Episode Steps:   199 Return:  0.0000 Success:  0.30, D: 0.00 FPS: 9.49
00:02:39.084 [INFO] (off_policy_trainer_carla.py:497) Total Episode:    93 Steps:   19003 Episode Steps:   243 Return:  1.0000 Success:  0.35, D: 0.00 FPS: 9.76
00:03:01.369 [INFO] (off_policy_trainer_carla.py:497) Total Episode:    94 Steps:   19218 Episode Steps:   215 Return:  1.0000 Success:  0.40, D: 0.00 FPS: 9.65
00:03:31.921 [INFO] (off_policy_trainer_carla.py:497) Total Episode:    95 Steps:   19520 Episode Steps:   302 Return:  0.0000 Success:  0.40, D: 0.00 FPS: 9.89
00:03:55.774 [INFO] (off_policy_trainer_carla.py:497) Total Episode:    96 Steps:   19751 Episode Steps:   231 Return:  1.0000 Success:  0.45, D: 0.00 FPS: 9.69
00:04:12.736 [INFO] (off_policy_trainer_carla.py:497) Total Episode:    97 Steps:   19912 Episode Steps:   161 Return:  1.0000 Success:  0.50, D: 0.00 FPS: 9.49
00:04:27.177 [INFO] (off_policy_trainer_carla.py:497) Total Episode:    98 Steps:   20047 Episode Steps:   135 Return:  0.0000 Success:  0.50, D: 0.00 FPS: 9.35
00:04:44.109 [INFO] (off_policy_trainer_carla.py:497) Total Episode:    99 Steps:   20207 Episode Steps:   160 Return:  0.0000 Success:  0.50, D: 0.00 FPS: 9.45
00:05:09.511 [INFO] (off_policy_trainer_carla.py:497) Total Episode:   100 Steps:   20454 Episode Steps:   247 Return:  1.0000 Success:  0.55, D: 0.00 FPS: 9.72
00:05:40.460 [INFO] (off_policy_trainer_carla.py:497) Total Episode:   101 Steps:   20756 Episode Steps:   302 Return:  0.0000 Success:  0.50, D: 0.00 FPS: 9.76
00:06:01.308 [INFO] (off_policy_trainer_carla.py:497) Total Episode:   102 Steps:   20957 Episode Steps:   201 Return:  0.0000 Success:  0.45, D: 0.00 FPS: 9.64
00:06:21.535 [INFO] (off_policy_trainer_carla.py:497) Total Episode:   103 Steps:   21153 Episode Steps:   196 Return:  1.0000 Success:  0.50, D: 0.00 FPS: 9.69
00:06:45.688 [INFO] (off_policy_trainer_carla.py:497) Total Episode:   104 Steps:   21385 Episode Steps:   232 Return:  1.0000 Success:  0.50, D: 0.00 FPS: 9.61
00:07:16.941 [INFO] (off_policy_trainer_carla.py:497) Total Episode:   105 Steps:   21687 Episode Steps:   302 Return:  0.0000 Success:  0.50, D: 0.00 FPS: 9.66
00:07:39.472 [INFO] (off_policy_trainer_carla.py:497) Total Episode:   106 Steps:   21906 Episode Steps:   219 Return:  1.0000 Success:  0.55, D: 0.00 FPS: 9.72
00:07:52.237 [INFO] (off_policy_trainer_carla.py:497) Total Episode:   107 Steps:   22025 Episode Steps:   119 Return: -1.0000 Success:  0.55, D: 0.00 FPS: 9.32
00:08:13.959 [INFO] (off_policy_trainer_carla.py:497) Total Episode:   108 Steps:   22234 Episode Steps:   209 Return:  0.0000 Success:  0.50, D: 0.00 FPS: 9.62
00:08:39.280 [INFO] (off_policy_trainer_carla.py:497) Total Episode:   109 Steps:   22482 Episode Steps:   248 Return:  1.0000 Success:  0.50, D: 0.00 FPS: 9.80
00:09:09.825 [INFO] (off_policy_trainer_carla.py:497) Total Episode:   110 Steps:   22784 Episode Steps:   302 Return:  0.0000 Success:  0.50, D: 0.00 FPS: 9.89
00:09:20.522 [INFO] (off_policy_trainer_carla.py:497) Total Episode:   111 Steps:   22881 Episode Steps:    97 Return: -1.0000 Success:  0.45, D: 0.00 FPS: 9.07
00:09:45.155 [INFO] (off_policy_trainer_carla.py:497) Total Episode:   112 Steps:   23121 Episode Steps:   240 Return:  1.0000 Success:  0.50, D: 0.00 FPS: 9.74
00:10:07.059 [INFO] (off_policy_trainer_carla.py:497) Total Episode:   113 Steps:   23334 Episode Steps:   213 Return:  1.0000 Success:  0.50, D: 0.00 FPS: 9.73
00:10:27.490 [INFO] (off_policy_trainer_carla.py:497) Total Episode:   114 Steps:   23531 Episode Steps:   197 Return:  1.0000 Success:  0.50, D: 0.00 FPS: 9.64
00:10:50.140 [INFO] (off_policy_trainer_carla.py:497) Total Episode:   115 Steps:   23751 Episode Steps:   220 Return:  0.0000 Success:  0.50, D: 0.00 FPS: 9.71
00:11:04.461 [INFO] (off_policy_trainer_carla.py:497) Total Episode:   116 Steps:   23886 Episode Steps:   135 Return:  0.0000 Success:  0.45, D: 0.00 FPS: 9.43
00:11:26.460 [INFO] (off_policy_trainer_carla.py:497) Total Episode:   117 Steps:   24099 Episode Steps:   213 Return:  0.0000 Success:  0.40, D: 0.00 FPS: 9.68
00:11:52.320 [INFO] (off_policy_trainer_carla.py:497) Total Episode:   118 Steps:   24351 Episode Steps:   252 Return:  1.0000 Success:  0.45, D: 0.00 FPS: 9.75
00:12:15.139 [INFO] (off_policy_trainer_carla.py:497) Total Episode:   119 Steps:   24573 Episode Steps:   222 Return:  1.0000 Success:  0.50, D: 0.00 FPS: 9.73
00:12:45.594 [INFO] (off_policy_trainer_carla.py:497) Total Episode:   120 Steps:   24875 Episode Steps:   302 Return:  0.0000 Success:  0.45, D: 0.00 FPS: 9.92
00:12:57.986 [INFO] (off_policy_trainer_carla.py:497) Total Episode:   121 Steps:   24989 Episode Steps:   114 Return: -1.0000 Success:  0.45, D: 0.00 FPS: 9.20
00:13:13.102 [INFO] (off_policy_trainer_carla.py:497) Total Episode:   122 Steps:   25132 Episode Steps:   143 Return: -1.0000 Success:  0.45, D: 0.00 FPS: 9.46
00:13:36.527 [INFO] (off_policy_trainer_carla.py:497) Total Episode:   123 Steps:   25358 Episode Steps:   226 Return:  1.0000 Success:  0.45, D: 0.00 FPS: 9.65
00:13:52.500 [INFO] (off_policy_trainer_carla.py:497) Total Episode:   124 Steps:   25508 Episode Steps:   150 Return: -1.0000 Success:  0.40, D: 0.00 FPS: 9.39
00:14:23.885 [INFO] (off_policy_trainer_carla.py:497) Total Episode:   125 Steps:   25810 Episode Steps:   302 Return:  0.0000 Success:  0.40, D: 0.00 FPS: 9.62
00:14:48.805 [INFO] (off_policy_trainer_carla.py:497) Total Episode:   126 Steps:   26053 Episode Steps:   243 Return:  1.0000 Success:  0.40, D: 0.00 FPS: 9.75
00:15:09.944 [INFO] (off_policy_trainer_carla.py:497) Total Episode:   127 Steps:   26257 Episode Steps:   204 Return:  1.0000 Success:  0.45, D: 0.00 FPS: 9.65
00:15:40.602 [INFO] (off_policy_trainer_carla.py:497) Total Episode:   128 Steps:   26559 Episode Steps:   302 Return:  0.0000 Success:  0.45, D: 0.00 FPS: 9.85
00:16:00.420 [INFO] (off_policy_trainer_carla.py:497) Total Episode:   129 Steps:   26750 Episode Steps:   191 Return: -1.0000 Success:  0.40, D: 0.00 FPS: 9.64
00:16:23.326 [INFO] (off_policy_trainer_carla.py:497) Total Episode:   130 Steps:   26973 Episode Steps:   223 Return:  1.0000 Success:  0.45, D: 0.00 FPS: 9.74
00:16:45.256 [INFO] (off_policy_trainer_carla.py:497) Total Episode:   131 Steps:   27182 Episode Steps:   209 Return:  1.0000 Success:  0.50, D: 0.00 FPS: 9.53
00:17:15.908 [INFO] (off_policy_trainer_carla.py:497) Total Episode:   132 Steps:   27484 Episode Steps:   302 Return:  0.0000 Success:  0.45, D: 0.00 FPS: 9.85
00:17:58.847 [INFO] (off_policy_trainer_carla.py:497) Total Episode:   133 Steps:   27707 Episode Steps:   223 Return:  1.0000 Success:  0.45, D: 0.00 FPS: 5.19
00:18:29.476 [INFO] (off_policy_trainer_carla.py:497) Total Episode:   134 Steps:   28009 Episode Steps:   302 Return:  0.0000 Success:  0.40, D: 0.00 FPS: 9.86
00:19:00.083 [INFO] (off_policy_trainer_carla.py:497) Total Episode:   135 Steps:   28311 Episode Steps:   302 Return:  0.0000 Success:  0.40, D: 0.00 FPS: 9.87
00:19:26.315 [INFO] (off_policy_trainer_carla.py:497) Total Episode:   136 Steps:   28566 Episode Steps:   255 Return:  1.0000 Success:  0.45, D: 0.00 FPS: 9.72
00:19:52.868 [INFO] (off_policy_trainer_carla.py:497) Total Episode:   137 Steps:   28825 Episode Steps:   259 Return:  1.0000 Success:  0.50, D: 0.00 FPS: 9.75
00:20:14.999 [INFO] (off_policy_trainer_carla.py:497) Total Episode:   138 Steps:   29039 Episode Steps:   214 Return:  1.0000 Success:  0.50, D: 0.00 FPS: 9.67
00:20:34.644 [INFO] (off_policy_trainer_carla.py:497) Total Episode:   139 Steps:   29228 Episode Steps:   189 Return:  0.0000 Success:  0.45, D: 0.00 FPS: 9.62
00:20:55.176 [INFO] (off_policy_trainer_carla.py:497) Total Episode:   140 Steps:   29426 Episode Steps:   198 Return:  1.0000 Success:  0.50, D: 0.00 FPS: 9.64
00:21:21.307 [INFO] (off_policy_trainer_carla.py:497) Total Episode:   141 Steps:   29679 Episode Steps:   253 Return:  1.0000 Success:  0.55, D: 0.00 FPS: 9.68
00:21:43.361 [INFO] (off_policy_trainer_carla.py:497) Total Episode:   142 Steps:   29888 Episode Steps:   209 Return: -1.0000 Success:  0.55, D: 0.00 FPS: 9.48
00:22:13.879 [INFO] (off_policy_trainer_carla.py:497) Total Episode:   143 Steps:   30190 Episode Steps:   302 Return:  0.0000 Success:  0.50, D: 0.00 FPS: 9.90
00:22:39.574 [INFO] (off_policy_trainer_carla.py:497) Total Episode:   144 Steps:   30439 Episode Steps:   249 Return:  1.0000 Success:  0.55, D: 0.00 FPS: 9.69
00:23:04.512 [INFO] (off_policy_trainer_carla.py:497) Total Episode:   145 Steps:   30682 Episode Steps:   243 Return:  1.0000 Success:  0.60, D: 0.00 FPS: 9.74
00:23:20.521 [INFO] (off_policy_trainer_carla.py:497) Total Episode:   146 Steps:   30834 Episode Steps:   152 Return:  0.0000 Success:  0.55, D: 0.00 FPS: 9.50
00:23:38.070 [INFO] (off_policy_trainer_carla.py:497) Total Episode:   147 Steps:   31003 Episode Steps:   169 Return: -1.0000 Success:  0.50, D: 0.00 FPS: 9.63
00:24:04.776 [INFO] (off_policy_trainer_carla.py:497) Total Episode:   148 Steps:   31263 Episode Steps:   260 Return:  1.0000 Success:  0.55, D: 0.00 FPS: 9.74
00:24:27.802 [INFO] (off_policy_trainer_carla.py:497) Total Episode:   149 Steps:   31488 Episode Steps:   225 Return:  1.0000 Success:  0.60, D: 0.00 FPS: 9.77
00:24:51.976 [INFO] (off_policy_trainer_carla.py:497) Total Episode:   150 Steps:   31722 Episode Steps:   234 Return:  1.0000 Success:  0.60, D: 0.00 FPS: 9.68
00:25:08.097 [INFO] (off_policy_trainer_carla.py:497) Total Episode:   151 Steps:   31875 Episode Steps:   153 Return: -1.0000 Success:  0.55, D: 0.00 FPS: 9.49
00:25:38.697 [INFO] (off_policy_trainer_carla.py:497) Total Episode:   152 Steps:   32177 Episode Steps:   302 Return:  0.0000 Success:  0.55, D: 0.00 FPS: 9.87
00:26:01.170 [INFO] (off_policy_trainer_carla.py:497) Total Episode:   153 Steps:   32394 Episode Steps:   217 Return:  1.0000 Success:  0.55, D: 0.00 FPS: 9.66
00:26:22.428 [INFO] (off_policy_trainer_carla.py:497) Total Episode:   154 Steps:   32599 Episode Steps:   205 Return:  1.0000 Success:  0.60, D: 0.00 FPS: 9.64
00:26:46.746 [INFO] (off_policy_trainer_carla.py:497) Total Episode:   155 Steps:   32833 Episode Steps:   234 Return:  1.0000 Success:  0.65, D: 0.00 FPS: 9.62
00:27:00.625 [INFO] (off_policy_trainer_carla.py:497) Total Episode:   156 Steps:   32963 Episode Steps:   130 Return: -1.0000 Success:  0.60, D: 0.00 FPS: 9.37
00:27:20.503 [INFO] (off_policy_trainer_carla.py:497) Total Episode:   157 Steps:   33152 Episode Steps:   189 Return: -1.0000 Success:  0.55, D: 0.00 FPS: 9.51
00:27:47.293 [INFO] (off_policy_trainer_carla.py:497) Total Episode:   158 Steps:   33414 Episode Steps:   262 Return:  1.0000 Success:  0.55, D: 0.00 FPS: 9.78
00:28:05.347 [INFO] (off_policy_trainer_carla.py:497) Total Episode:   159 Steps:   33581 Episode Steps:   167 Return:  0.0000 Success:  0.55, D: 0.00 FPS: 9.25
00:28:36.031 [INFO] (off_policy_trainer_carla.py:497) Total Episode:   160 Steps:   33883 Episode Steps:   302 Return:  0.0000 Success:  0.50, D: 0.00 FPS: 9.84
00:28:50.379 [INFO] (off_policy_trainer_carla.py:497) Total Episode:   161 Steps:   34017 Episode Steps:   134 Return: -1.0000 Success:  0.45, D: 0.00 FPS: 9.34
00:29:03.473 [INFO] (off_policy_trainer_carla.py:497) Total Episode:   162 Steps:   34139 Episode Steps:   122 Return: -1.0000 Success:  0.45, D: 0.00 FPS: 9.32
00:29:25.542 [INFO] (off_policy_trainer_carla.py:497) Total Episode:   163 Steps:   34353 Episode Steps:   214 Return:  1.0000 Success:  0.50, D: 0.00 FPS: 9.70
00:29:56.158 [INFO] (off_policy_trainer_carla.py:497) Total Episode:   164 Steps:   34655 Episode Steps:   302 Return:  0.0000 Success:  0.45, D: 0.00 FPS: 9.86
00:30:27.073 [INFO] (off_policy_trainer_carla.py:497) Total Episode:   165 Steps:   34957 Episode Steps:   302 Return:  0.0000 Success:  0.40, D: 0.00 FPS: 9.77
00:30:52.881 [INFO] (off_policy_trainer_carla.py:497) Total Episode:   166 Steps:   35208 Episode Steps:   251 Return:  1.0000 Success:  0.45, D: 0.00 FPS: 9.73
00:31:07.284 [INFO] (off_policy_trainer_carla.py:497) Total Episode:   167 Steps:   35343 Episode Steps:   135 Return: -1.0000 Success:  0.45, D: 0.00 FPS: 9.38
00:31:30.323 [INFO] (off_policy_trainer_carla.py:497) Total Episode:   168 Steps:   35566 Episode Steps:   223 Return:  1.0000 Success:  0.45, D: 0.00 FPS: 9.68
00:31:52.579 [INFO] (off_policy_trainer_carla.py:497) Total Episode:   169 Steps:   35779 Episode Steps:   213 Return:  1.0000 Success:  0.45, D: 0.00 FPS: 9.57
00:32:23.146 [INFO] (off_policy_trainer_carla.py:497) Total Episode:   170 Steps:   36081 Episode Steps:   302 Return:  0.0000 Success:  0.40, D: 0.00 FPS: 9.88
00:32:53.817 [INFO] (off_policy_trainer_carla.py:497) Total Episode:   171 Steps:   36383 Episode Steps:   302 Return:  0.0000 Success:  0.40, D: 0.00 FPS: 9.85
00:33:07.947 [INFO] (off_policy_trainer_carla.py:497) Total Episode:   172 Steps:   36515 Episode Steps:   132 Return: -1.0000 Success:  0.40, D: 0.00 FPS: 9.34
00:33:28.699 [INFO] (off_policy_trainer_carla.py:497) Total Episode:   173 Steps:   36714 Episode Steps:   199 Return:  1.0000 Success:  0.40, D: 0.00 FPS: 9.59
00:33:52.740 [INFO] (off_policy_trainer_carla.py:497) Total Episode:   174 Steps:   36947 Episode Steps:   233 Return:  0.0000 Success:  0.35, D: 0.00 FPS: 9.69
00:34:18.339 [INFO] (off_policy_trainer_carla.py:497) Total Episode:   175 Steps:   37198 Episode Steps:   251 Return:  1.0000 Success:  0.35, D: 0.00 FPS: 9.81
00:34:39.889 [INFO] (off_policy_trainer_carla.py:497) Total Episode:   176 Steps:   37406 Episode Steps:   208 Return:  1.0000 Success:  0.40, D: 0.00 FPS: 9.65
00:34:58.484 [INFO] (off_policy_trainer_carla.py:497) Total Episode:   177 Steps:   37584 Episode Steps:   178 Return: -1.0000 Success:  0.40, D: 0.00 FPS: 9.57
00:35:24.856 [INFO] (off_policy_trainer_carla.py:497) Total Episode:   178 Steps:   37842 Episode Steps:   258 Return:  1.0000 Success:  0.40, D: 0.00 FPS: 9.78
00:35:55.346 [INFO] (off_policy_trainer_carla.py:497) Total Episode:   179 Steps:   38144 Episode Steps:   302 Return:  0.0000 Success:  0.40, D: 0.00 FPS: 9.91
00:36:07.791 [INFO] (off_policy_trainer_carla.py:497) Total Episode:   180 Steps:   38259 Episode Steps:   115 Return: -1.0000 Success:  0.40, D: 0.00 FPS: 9.24
00:36:38.558 [INFO] (off_policy_trainer_carla.py:497) Total Episode:   181 Steps:   38561 Episode Steps:   302 Return:  0.0000 Success:  0.40, D: 0.00 FPS: 9.82
00:36:58.150 [INFO] (off_policy_trainer_carla.py:497) Total Episode:   182 Steps:   38747 Episode Steps:   186 Return:  1.0000 Success:  0.45, D: 0.00 FPS: 9.49
00:37:20.570 [INFO] (off_policy_trainer_carla.py:497) Total Episode:   183 Steps:   38964 Episode Steps:   217 Return:  1.0000 Success:  0.45, D: 0.00 FPS: 9.68
00:37:44.380 [INFO] (off_policy_trainer_carla.py:497) Total Episode:   184 Steps:   39194 Episode Steps:   230 Return:  1.0000 Success:  0.50, D: 0.00 FPS: 9.66
00:38:08.740 [INFO] (off_policy_trainer_carla.py:497) Total Episode:   185 Steps:   39431 Episode Steps:   237 Return:  0.0000 Success:  0.50, D: 0.00 FPS: 9.73
00:38:30.865 [INFO] (off_policy_trainer_carla.py:497) Total Episode:   186 Steps:   39646 Episode Steps:   215 Return:  1.0000 Success:  0.50, D: 0.00 FPS: 9.72
00:38:52.684 [INFO] (off_policy_trainer_carla.py:497) Total Episode:   187 Steps:   39856 Episode Steps:   210 Return:  1.0000 Success:  0.55, D: 0.00 FPS: 9.63
00:39:06.026 [INFO] (off_policy_trainer_carla.py:497) Total Episode:   188 Steps:   39980 Episode Steps:   124 Return: -1.0000 Success:  0.50, D: 0.00 FPS: 9.30
00:39:36.664 [INFO] (off_policy_trainer_carla.py:497) Total Episode:   189 Steps:   40282 Episode Steps:   302 Return:  0.0000 Success:  0.45, D: 0.00 FPS: 9.86
00:40:07.205 [INFO] (off_policy_trainer_carla.py:497) Total Episode:   190 Steps:   40584 Episode Steps:   302 Return:  0.0000 Success:  0.45, D: 0.00 FPS: 9.89
00:40:28.119 [INFO] (off_policy_trainer_carla.py:497) Total Episode:   191 Steps:   40786 Episode Steps:   202 Return:  1.0000 Success:  0.50, D: 0.00 FPS: 9.66
00:40:50.460 [INFO] (off_policy_trainer_carla.py:497) Total Episode:   192 Steps:   41002 Episode Steps:   216 Return:  1.0000 Success:  0.55, D: 0.00 FPS: 9.67
00:41:14.990 [INFO] (off_policy_trainer_carla.py:497) Total Episode:   193 Steps:   41241 Episode Steps:   239 Return:  1.0000 Success:  0.55, D: 0.00 FPS: 9.74
00:41:38.860 [INFO] (off_policy_trainer_carla.py:497) Total Episode:   194 Steps:   41466 Episode Steps:   225 Return:  1.0000 Success:  0.60, D: 0.00 FPS: 9.43
00:41:53.056 [INFO] (off_policy_trainer_carla.py:497) Total Episode:   195 Steps:   41597 Episode Steps:   131 Return: -1.0000 Success:  0.55, D: 0.00 FPS: 9.23
00:42:09.374 [INFO] (off_policy_trainer_carla.py:497) Total Episode:   196 Steps:   41752 Episode Steps:   155 Return: -1.0000 Success:  0.50, D: 0.00 FPS: 9.50
00:42:28.109 [INFO] (off_policy_trainer_carla.py:497) Total Episode:   197 Steps:   41931 Episode Steps:   179 Return:  1.0000 Success:  0.55, D: 0.00 FPS: 9.56
00:42:43.545 [INFO] (off_policy_trainer_carla.py:497) Total Episode:   198 Steps:   42074 Episode Steps:   143 Return: -1.0000 Success:  0.50, D: 0.00 FPS: 9.27
00:43:02.495 [INFO] (off_policy_trainer_carla.py:497) Total Episode:   199 Steps:   42254 Episode Steps:   180 Return:  1.0000 Success:  0.55, D: 0.00 FPS: 9.50
00:43:33.090 [INFO] (off_policy_trainer_carla.py:497) Total Episode:   200 Steps:   42556 Episode Steps:   302 Return:  0.0000 Success:  0.55, D: 0.00 FPS: 9.87
00:44:03.733 [INFO] (off_policy_trainer_carla.py:497) Total Episode:   201 Steps:   42858 Episode Steps:   302 Return:  0.0000 Success:  0.55, D: 0.00 FPS: 9.86
00:44:28.280 [INFO] (off_policy_trainer_carla.py:497) Total Episode:   202 Steps:   43098 Episode Steps:   240 Return:  1.0000 Success:  0.55, D: 0.00 FPS: 9.78
00:44:41.450 [INFO] (off_policy_trainer_carla.py:497) Total Episode:   203 Steps:   43220 Episode Steps:   122 Return: -1.0000 Success:  0.50, D: 0.00 FPS: 9.26
00:45:12.428 [INFO] (off_policy_trainer_carla.py:497) Total Episode:   204 Steps:   43522 Episode Steps:   302 Return:  0.0000 Success:  0.45, D: 0.00 FPS: 9.75
00:45:34.871 [INFO] (off_policy_trainer_carla.py:497) Total Episode:   205 Steps:   43742 Episode Steps:   220 Return:  1.0000 Success:  0.50, D: 0.00 FPS: 9.80
00:45:52.210 [INFO] (off_policy_trainer_carla.py:497) Total Episode:   206 Steps:   43908 Episode Steps:   166 Return:  0.0000 Success:  0.50, D: 0.00 FPS: 9.58
00:46:22.690 [INFO] (off_policy_trainer_carla.py:497) Total Episode:   207 Steps:   44210 Episode Steps:   302 Return:  0.0000 Success:  0.45, D: 0.00 FPS: 9.91
00:46:47.440 [INFO] (off_policy_trainer_carla.py:497) Total Episode:   208 Steps:   44448 Episode Steps:   238 Return:  1.0000 Success:  0.50, D: 0.00 FPS: 9.62
00:47:02.027 [INFO] (off_policy_trainer_carla.py:497) Total Episode:   209 Steps:   44583 Episode Steps:   135 Return: -1.0000 Success:  0.50, D: 0.00 FPS: 9.26
00:47:16.242 [INFO] (off_policy_trainer_carla.py:497) Total Episode:   210 Steps:   44716 Episode Steps:   133 Return: -1.0000 Success:  0.50, D: 0.00 FPS: 9.36
00:47:32.082 [INFO] (off_policy_trainer_carla.py:497) Total Episode:   211 Steps:   44866 Episode Steps:   150 Return:  1.0000 Success:  0.50, D: 0.00 FPS: 9.47
00:48:03.051 [INFO] (off_policy_trainer_carla.py:497) Total Episode:   212 Steps:   45168 Episode Steps:   302 Return:  0.0000 Success:  0.45, D: 0.00 FPS: 9.75
00:48:23.868 [INFO] (off_policy_trainer_carla.py:497) Total Episode:   213 Steps:   45369 Episode Steps:   201 Return:  1.0000 Success:  0.45, D: 0.00 FPS: 9.66
00:48:43.767 [INFO] (off_policy_trainer_carla.py:497) Total Episode:   214 Steps:   45559 Episode Steps:   190 Return:  1.0000 Success:  0.45, D: 0.00 FPS: 9.55
00:49:14.329 [INFO] (off_policy_trainer_carla.py:497) Total Episode:   215 Steps:   45861 Episode Steps:   302 Return:  0.0000 Success:  0.45, D: 0.00 FPS: 9.88
00:49:31.799 [INFO] (off_policy_trainer_carla.py:497) Total Episode:   216 Steps:   46027 Episode Steps:   166 Return:  1.0000 Success:  0.50, D: 0.00 FPS: 9.50
00:50:02.532 [INFO] (off_policy_trainer_carla.py:497) Total Episode:   217 Steps:   46329 Episode Steps:   302 Return:  0.0000 Success:  0.45, D: 0.00 FPS: 9.83
00:50:20.979 [INFO] (off_policy_trainer_carla.py:497) Total Episode:   218 Steps:   46503 Episode Steps:   174 Return:  1.0000 Success:  0.50, D: 0.00 FPS: 9.43
00:50:32.671 [INFO] (off_policy_trainer_carla.py:497) Total Episode:   219 Steps:   46610 Episode Steps:   107 Return: -1.0000 Success:  0.45, D: 0.00 FPS: 9.15
00:50:50.035 [INFO] (off_policy_trainer_carla.py:497) Total Episode:   220 Steps:   46776 Episode Steps:   166 Return: -1.0000 Success:  0.45, D: 0.00 FPS: 9.56
00:51:20.698 [INFO] (off_policy_trainer_carla.py:497) Total Episode:   221 Steps:   47078 Episode Steps:   302 Return:  0.0000 Success:  0.45, D: 0.00 FPS: 9.85
00:51:33.051 [INFO] (off_policy_trainer_carla.py:497) Total Episode:   222 Steps:   47192 Episode Steps:   114 Return:  0.0000 Success:  0.40, D: 0.00 FPS: 9.23
00:51:52.551 [INFO] (off_policy_trainer_carla.py:497) Total Episode:   223 Steps:   47378 Episode Steps:   186 Return: -1.0000 Success:  0.40, D: 0.00 FPS: 9.54
00:52:02.013 [INFO] (off_policy_trainer_carla.py:497) Total Episode:   224 Steps:   47460 Episode Steps:    82 Return: -1.0000 Success:  0.40, D: 0.00 FPS: 8.67
00:52:24.286 [INFO] (off_policy_trainer_carla.py:497) Total Episode:   225 Steps:   47676 Episode Steps:   216 Return:  1.0000 Success:  0.40, D: 0.00 FPS: 9.70
00:52:42.173 [INFO] (off_policy_trainer_carla.py:497) Total Episode:   226 Steps:   47847 Episode Steps:   171 Return: -1.0000 Success:  0.35, D: 0.00 FPS: 9.56
00:53:03.889 [INFO] (off_policy_trainer_carla.py:497) Total Episode:   227 Steps:   48059 Episode Steps:   212 Return:  1.0000 Success:  0.40, D: 0.00 FPS: 9.76
00:53:30.971 [INFO] (off_policy_trainer_carla.py:497) Total Episode:   228 Steps:   48325 Episode Steps:   266 Return:  1.0000 Success:  0.40, D: 0.00 FPS: 9.82
00:54:01.373 [INFO] (off_policy_trainer_carla.py:497) Total Episode:   229 Steps:   48627 Episode Steps:   302 Return:  0.0000 Success:  0.40, D: 0.00 FPS: 9.93
00:54:24.007 [INFO] (off_policy_trainer_carla.py:497) Total Episode:   230 Steps:   48843 Episode Steps:   216 Return:  1.0000 Success:  0.45, D: 0.00 FPS: 9.54
00:54:40.514 [INFO] (off_policy_trainer_carla.py:497) Total Episode:   231 Steps:   49000 Episode Steps:   157 Return:  1.0000 Success:  0.45, D: 0.00 FPS: 9.51
00:55:00.385 [INFO] (off_policy_trainer_carla.py:497) Total Episode:   232 Steps:   49193 Episode Steps:   193 Return:  1.0000 Success:  0.50, D: 0.00 FPS: 9.71
00:55:30.869 [INFO] (off_policy_trainer_carla.py:497) Total Episode:   233 Steps:   49495 Episode Steps:   302 Return:  0.0000 Success:  0.45, D: 0.00 FPS: 9.91
00:55:51.183 [INFO] (off_policy_trainer_carla.py:497) Total Episode:   234 Steps:   49691 Episode Steps:   196 Return:  1.0000 Success:  0.45, D: 0.00 FPS: 9.65
00:56:12.619 [INFO] (off_policy_trainer_carla.py:497) Total Episode:   235 Steps:   49899 Episode Steps:   208 Return:  1.0000 Success:  0.50, D: 0.00 FPS: 9.70
00:56:43.636 [INFO] (off_policy_trainer_carla.py:497) Total Episode:   236 Steps:   50201 Episode Steps:   302 Return:  0.0000 Success:  0.45, D: 0.00 FPS: 9.74
00:57:05.694 [INFO] (off_policy_trainer_carla.py:497) Total Episode:   237 Steps:   50413 Episode Steps:   212 Return:  1.0000 Success:  0.50, D: 0.00 FPS: 9.61
00:57:27.981 [INFO] (off_policy_trainer_carla.py:497) Total Episode:   238 Steps:   50630 Episode Steps:   217 Return:  1.0000 Success:  0.50, D: 0.00 FPS: 9.74
00:57:50.631 [INFO] (off_policy_trainer_carla.py:497) Total Episode:   239 Steps:   50850 Episode Steps:   220 Return:  1.0000 Success:  0.55, D: 0.00 FPS: 9.71
00:58:21.146 [INFO] (off_policy_trainer_carla.py:497) Total Episode:   240 Steps:   51152 Episode Steps:   302 Return:  0.0000 Success:  0.55, D: 0.00 FPS: 9.90
00:58:47.213 [INFO] (off_policy_trainer_carla.py:497) Total Episode:   241 Steps:   51407 Episode Steps:   255 Return:  1.0000 Success:  0.60, D: 0.00 FPS: 9.78
00:59:06.342 [INFO] (off_policy_trainer_carla.py:497) Total Episode:   242 Steps:   51591 Episode Steps:   184 Return:  1.0000 Success:  0.65, D: 0.00 FPS: 9.62
00:59:35.062 [INFO] (off_policy_trainer_carla.py:497) Total Episode:   243 Steps:   51874 Episode Steps:   283 Return:  0.0000 Success:  0.65, D: 0.00 FPS: 9.85
01:00:01.480 [INFO] (off_policy_trainer_carla.py:497) Total Episode:   244 Steps:   52133 Episode Steps:   259 Return:  0.0000 Success:  0.65, D: 0.00 FPS: 9.80
01:00:32.047 [INFO] (off_policy_trainer_carla.py:497) Total Episode:   245 Steps:   52435 Episode Steps:   302 Return:  0.0000 Success:  0.60, D: 0.00 FPS: 9.88
01:01:02.513 [INFO] (off_policy_trainer_carla.py:497) Total Episode:   246 Steps:   52737 Episode Steps:   302 Return:  0.0000 Success:  0.60, D: 0.00 FPS: 9.91
01:01:28.021 [INFO] (off_policy_trainer_carla.py:497) Total Episode:   247 Steps:   52986 Episode Steps:   249 Return:  0.0000 Success:  0.55, D: 0.00 FPS: 9.76
01:01:58.825 [INFO] (off_policy_trainer_carla.py:497) Total Episode:   248 Steps:   53288 Episode Steps:   302 Return:  0.0000 Success:  0.50, D: 0.00 FPS: 9.80
01:02:21.913 [INFO] (off_policy_trainer_carla.py:497) Total Episode:   249 Steps:   53511 Episode Steps:   223 Return:  1.0000 Success:  0.55, D: 0.00 FPS: 9.66
01:02:52.530 [INFO] (off_policy_trainer_carla.py:497) Total Episode:   250 Steps:   53813 Episode Steps:   302 Return:  0.0000 Success:  0.50, D: 0.00 FPS: 9.86
01:03:13.410 [INFO] (off_policy_trainer_carla.py:497) Total Episode:   251 Steps:   54015 Episode Steps:   202 Return:  1.0000 Success:  0.50, D: 0.00 FPS: 9.68
01:03:33.254 [INFO] (off_policy_trainer_carla.py:497) Total Episode:   252 Steps:   54206 Episode Steps:   191 Return:  1.0000 Success:  0.50, D: 0.00 FPS: 9.63
01:04:03.853 [INFO] (off_policy_trainer_carla.py:497) Total Episode:   253 Steps:   54508 Episode Steps:   302 Return:  0.0000 Success:  0.50, D: 0.00 FPS: 9.87
01:04:23.447 [INFO] (off_policy_trainer_carla.py:497) Total Episode:   254 Steps:   54696 Episode Steps:   188 Return:  1.0000 Success:  0.50, D: 0.00 FPS: 9.60
01:04:46.114 [INFO] (off_policy_trainer_carla.py:497) Total Episode:   255 Steps:   54915 Episode Steps:   219 Return:  1.0000 Success:  0.50, D: 0.00 FPS: 9.66
01:04:59.848 [INFO] (off_policy_trainer_carla.py:497) Total Episode:   256 Steps:   55042 Episode Steps:   127 Return: -1.0000 Success:  0.50, D: 0.00 FPS: 9.25
01:05:22.367 [INFO] (off_policy_trainer_carla.py:497) Total Episode:   257 Steps:   55261 Episode Steps:   219 Return:  1.0000 Success:  0.50, D: 0.00 FPS: 9.73
01:05:40.477 [INFO] (off_policy_trainer_carla.py:497) Total Episode:   258 Steps:   55434 Episode Steps:   173 Return:  0.0000 Success:  0.45, D: 0.00 FPS: 9.55
01:05:57.661 [INFO] (off_policy_trainer_carla.py:497) Total Episode:   259 Steps:   55598 Episode Steps:   164 Return: -1.0000 Success:  0.40, D: 0.00 FPS: 9.55
01:06:20.042 [INFO] (off_policy_trainer_carla.py:497) Total Episode:   260 Steps:   55815 Episode Steps:   217 Return:  1.0000 Success:  0.45, D: 0.00 FPS: 9.70
01:06:41.347 [INFO] (off_policy_trainer_carla.py:497) Total Episode:   261 Steps:   56019 Episode Steps:   204 Return:  1.0000 Success:  0.45, D: 0.00 FPS: 9.58
01:07:12.194 [INFO] (off_policy_trainer_carla.py:497) Total Episode:   262 Steps:   56321 Episode Steps:   302 Return:  0.0000 Success:  0.40, D: 0.00 FPS: 9.79
01:07:35.498 [INFO] (off_policy_trainer_carla.py:497) Total Episode:   263 Steps:   56543 Episode Steps:   222 Return:  0.0000 Success:  0.40, D: 0.00 FPS: 9.53
01:07:57.143 [INFO] (off_policy_trainer_carla.py:497) Total Episode:   264 Steps:   56754 Episode Steps:   211 Return:  1.0000 Success:  0.45, D: 0.00 FPS: 9.75
01:08:12.159 [INFO] (off_policy_trainer_carla.py:497) Total Episode:   265 Steps:   56895 Episode Steps:   141 Return: -1.0000 Success:  0.45, D: 0.00 FPS: 9.39
01:08:37.788 [INFO] (off_policy_trainer_carla.py:497) Total Episode:   266 Steps:   57143 Episode Steps:   248 Return:  1.0000 Success:  0.50, D: 0.00 FPS: 9.68
01:08:55.685 [INFO] (off_policy_trainer_carla.py:497) Total Episode:   267 Steps:   57312 Episode Steps:   169 Return:  0.0000 Success:  0.50, D: 0.00 FPS: 9.44
01:09:19.453 [INFO] (off_policy_trainer_carla.py:497) Total Episode:   268 Steps:   57542 Episode Steps:   230 Return:  1.0000 Success:  0.55, D: 0.00 FPS: 9.68
01:09:39.878 [INFO] (off_policy_trainer_carla.py:497) Total Episode:   269 Steps:   57738 Episode Steps:   196 Return:  1.0000 Success:  0.55, D: 0.00 FPS: 9.60
01:10:07.402 [INFO] (off_policy_trainer_carla.py:497) Total Episode:   270 Steps:   58007 Episode Steps:   269 Return:  1.0000 Success:  0.60, D: 0.00 FPS: 9.77
01:10:28.937 [INFO] (off_policy_trainer_carla.py:497) Total Episode:   271 Steps:   58215 Episode Steps:   208 Return:  1.0000 Success:  0.60, D: 0.00 FPS: 9.66
01:10:54.634 [INFO] (off_policy_trainer_carla.py:497) Total Episode:   272 Steps:   58464 Episode Steps:   249 Return:  1.0000 Success:  0.60, D: 0.00 FPS: 9.69
01:11:18.292 [INFO] (off_policy_trainer_carla.py:497) Total Episode:   273 Steps:   58694 Episode Steps:   230 Return:  0.0000 Success:  0.60, D: 0.00 FPS: 9.72
01:11:42.897 [INFO] (off_policy_trainer_carla.py:497) Total Episode:   274 Steps:   58931 Episode Steps:   237 Return:  1.0000 Success:  0.60, D: 0.00 FPS: 9.63
01:12:09.272 [INFO] (off_policy_trainer_carla.py:497) Total Episode:   275 Steps:   59187 Episode Steps:   256 Return:  1.0000 Success:  0.60, D: 0.00 FPS: 9.71
01:12:34.739 [INFO] (off_policy_trainer_carla.py:497) Total Episode:   276 Steps:   59435 Episode Steps:   248 Return:  1.0000 Success:  0.65, D: 0.00 FPS: 9.74
01:12:57.442 [INFO] (off_policy_trainer_carla.py:497) Total Episode:   277 Steps:   59655 Episode Steps:   220 Return:  1.0000 Success:  0.65, D: 0.00 FPS: 9.69
01:13:14.479 [INFO] (off_policy_trainer_carla.py:497) Total Episode:   278 Steps:   59819 Episode Steps:   164 Return: -1.0000 Success:  0.65, D: 0.00 FPS: 9.63
01:13:44.633 [INFO] (off_policy_trainer_carla.py:497) Total Episode:   279 Steps:   60114 Episode Steps:   295 Return:  0.0000 Success:  0.65, D: 0.00 FPS: 9.78
01:14:11.157 [INFO] (off_policy_trainer_carla.py:497) Total Episode:   280 Steps:   60373 Episode Steps:   259 Return:  1.0000 Success:  0.65, D: 0.00 FPS: 9.77
01:14:38.837 [INFO] (off_policy_trainer_carla.py:497) Total Episode:   281 Steps:   60642 Episode Steps:   269 Return:  1.0000 Success:  0.65, D: 0.00 FPS: 9.72
01:15:01.432 [INFO] (off_policy_trainer_carla.py:497) Total Episode:   282 Steps:   60861 Episode Steps:   219 Return:  1.0000 Success:  0.70, D: 0.00 FPS: 9.69
01:15:23.935 [INFO] (off_policy_trainer_carla.py:497) Total Episode:   283 Steps:   61080 Episode Steps:   219 Return:  1.0000 Success:  0.75, D: 0.00 FPS: 9.73
01:15:49.433 [INFO] (off_policy_trainer_carla.py:497) Total Episode:   284 Steps:   61327 Episode Steps:   247 Return:  1.0000 Success:  0.75, D: 0.00 FPS: 9.69
01:16:14.826 [INFO] (off_policy_trainer_carla.py:497) Total Episode:   285 Steps:   61575 Episode Steps:   248 Return:  1.0000 Success:  0.80, D: 0.00 FPS: 9.77
01:16:43.120 [INFO] (off_policy_trainer_carla.py:497) Total Episode:   286 Steps:   61851 Episode Steps:   276 Return:  1.0000 Success:  0.80, D: 0.00 FPS: 9.76
01:17:07.330 [INFO] (off_policy_trainer_carla.py:497) Total Episode:   287 Steps:   62084 Episode Steps:   233 Return:  1.0000 Success:  0.85, D: 0.00 FPS: 9.62
01:17:28.703 [INFO] (off_policy_trainer_carla.py:497) Total Episode:   288 Steps:   62291 Episode Steps:   207 Return:  1.0000 Success:  0.85, D: 0.00 FPS: 9.69
01:17:53.803 [INFO] (off_policy_trainer_carla.py:497) Total Episode:   289 Steps:   62537 Episode Steps:   246 Return:  1.0000 Success:  0.85, D: 0.00 FPS: 9.80
01:18:15.219 [INFO] (off_policy_trainer_carla.py:497) Total Episode:   290 Steps:   62744 Episode Steps:   207 Return:  1.0000 Success:  0.85, D: 0.00 FPS: 9.67
01:18:31.845 [INFO] (off_policy_trainer_carla.py:497) Total Episode:   291 Steps:   62903 Episode Steps:   159 Return: -1.0000 Success:  0.80, D: 0.00 FPS: 9.56
01:18:52.469 [INFO] (off_policy_trainer_carla.py:497) Total Episode:   292 Steps:   63102 Episode Steps:   199 Return:  1.0000 Success:  0.80, D: 0.00 FPS: 9.65
01:19:16.461 [INFO] (off_policy_trainer_carla.py:497) Total Episode:   293 Steps:   63336 Episode Steps:   234 Return:  1.0000 Success:  0.85, D: 0.00 FPS: 9.75
01:19:47.055 [INFO] (off_policy_trainer_carla.py:497) Total Episode:   294 Steps:   63638 Episode Steps:   302 Return:  0.0000 Success:  0.80, D: 0.00 FPS: 9.87
01:20:08.660 [INFO] (off_policy_trainer_carla.py:497) Total Episode:   295 Steps:   63848 Episode Steps:   210 Return:  1.0000 Success:  0.80, D: 0.00 FPS: 9.72
01:20:34.458 [INFO] (off_policy_trainer_carla.py:497) Total Episode:   296 Steps:   64100 Episode Steps:   252 Return:  1.0000 Success:  0.80, D: 0.00 FPS: 9.77
01:21:00.964 [INFO] (off_policy_trainer_carla.py:497) Total Episode:   297 Steps:   64355 Episode Steps:   255 Return:  1.0000 Success:  0.80, D: 0.00 FPS: 9.62
01:21:27.739 [INFO] (off_policy_trainer_carla.py:497) Total Episode:   298 Steps:   64615 Episode Steps:   260 Return:  1.0000 Success:  0.85, D: 0.00 FPS: 9.71
01:21:52.285 [INFO] (off_policy_trainer_carla.py:497) Total Episode:   299 Steps:   64852 Episode Steps:   237 Return:  1.0000 Success:  0.90, D: 0.00 FPS: 9.66
01:22:17.384 [INFO] (off_policy_trainer_carla.py:497) Total Episode:   300 Steps:   65094 Episode Steps:   242 Return:  1.0000 Success:  0.90, D: 0.00 FPS: 9.64
01:22:41.619 [INFO] (off_policy_trainer_carla.py:497) Total Episode:   301 Steps:   65328 Episode Steps:   234 Return:  1.0000 Success:  0.90, D: 0.00 FPS: 9.66
01:23:06.539 [INFO] (off_policy_trainer_carla.py:497) Total Episode:   302 Steps:   65570 Episode Steps:   242 Return:  1.0000 Success:  0.90, D: 0.00 FPS: 9.71
01:23:31.578 [INFO] (off_policy_trainer_carla.py:497) Total Episode:   303 Steps:   65813 Episode Steps:   243 Return:  1.0000 Success:  0.90, D: 0.00 FPS: 9.71
01:23:59.312 [INFO] (off_policy_trainer_carla.py:497) Total Episode:   304 Steps:   66084 Episode Steps:   271 Return:  1.0000 Success:  0.90, D: 0.00 FPS: 9.77
01:24:26.387 [INFO] (off_policy_trainer_carla.py:497) Total Episode:   305 Steps:   66350 Episode Steps:   266 Return:  1.0000 Success:  0.90, D: 0.00 FPS: 9.83
01:24:55.747 [INFO] (off_policy_trainer_carla.py:497) Total Episode:   306 Steps:   66639 Episode Steps:   289 Return:  1.0000 Success:  0.90, D: 0.00 FPS: 9.84
01:25:21.128 [INFO] (off_policy_trainer_carla.py:497) Total Episode:   307 Steps:   66887 Episode Steps:   248 Return:  1.0000 Success:  0.90, D: 0.00 FPS: 9.77
01:25:44.487 [INFO] (off_policy_trainer_carla.py:497) Total Episode:   308 Steps:   67114 Episode Steps:   227 Return:  1.0000 Success:  0.90, D: 0.00 FPS: 9.72
01:26:06.520 [INFO] (off_policy_trainer_carla.py:497) Total Episode:   309 Steps:   67328 Episode Steps:   214 Return:  1.0000 Success:  0.90, D: 0.00 FPS: 9.71
01:26:29.846 [INFO] (off_policy_trainer_carla.py:497) Total Episode:   310 Steps:   67555 Episode Steps:   227 Return:  1.0000 Success:  0.90, D: 0.00 FPS: 9.73
01:26:59.281 [INFO] (off_policy_trainer_carla.py:497) Total Episode:   311 Steps:   67839 Episode Steps:   284 Return:  1.0000 Success:  0.95, D: 0.00 FPS: 9.65
01:27:24.114 [INFO] (off_policy_trainer_carla.py:497) Total Episode:   312 Steps:   68080 Episode Steps:   241 Return:  1.0000 Success:  0.95, D: 0.00 FPS: 9.71
01:27:54.967 [INFO] (off_policy_trainer_carla.py:497) Total Episode:   313 Steps:   68382 Episode Steps:   302 Return:  0.0000 Success:  0.90, D: 0.00 FPS: 9.79
01:28:20.668 [INFO] (off_policy_trainer_carla.py:497) Total Episode:   314 Steps:   68630 Episode Steps:   248 Return:  1.0000 Success:  0.95, D: 0.00 FPS: 9.65
01:28:47.302 [INFO] (off_policy_trainer_carla.py:497) Total Episode:   315 Steps:   68889 Episode Steps:   259 Return:  1.0000 Success:  0.95, D: 0.00 FPS: 9.73
01:29:11.601 [INFO] (off_policy_trainer_carla.py:497) Total Episode:   316 Steps:   69125 Episode Steps:   236 Return:  1.0000 Success:  0.95, D: 0.00 FPS: 9.71
01:29:36.523 [INFO] (off_policy_trainer_carla.py:497) Total Episode:   317 Steps:   69367 Episode Steps:   242 Return:  0.0000 Success:  0.90, D: 0.00 FPS: 9.71
01:30:04.260 [INFO] (off_policy_trainer_carla.py:497) Total Episode:   318 Steps:   69640 Episode Steps:   273 Return:  1.0000 Success:  0.90, D: 0.00 FPS: 9.84
01:30:25.891 [INFO] (off_policy_trainer_carla.py:497) Total Episode:   319 Steps:   69848 Episode Steps:   208 Return:  1.0000 Success:  0.90, D: 0.00 FPS: 9.62
01:30:49.037 [INFO] (off_policy_trainer_carla.py:497) Total Episode:   320 Steps:   70071 Episode Steps:   223 Return:  1.0000 Success:  0.90, D: 0.00 FPS: 9.64
01:31:10.130 [INFO] (off_policy_trainer_carla.py:497) Total Episode:   321 Steps:   70274 Episode Steps:   203 Return:  1.0000 Success:  0.90, D: 0.00 FPS: 9.62
01:31:33.986 [INFO] (off_policy_trainer_carla.py:497) Total Episode:   322 Steps:   70504 Episode Steps:   230 Return:  1.0000 Success:  0.90, D: 0.00 FPS: 9.64
01:31:58.860 [INFO] (off_policy_trainer_carla.py:497) Total Episode:   323 Steps:   70744 Episode Steps:   240 Return:  1.0000 Success:  0.90, D: 0.00 FPS: 9.65
01:32:25.778 [INFO] (off_policy_trainer_carla.py:497) Total Episode:   324 Steps:   71008 Episode Steps:   264 Return:  1.0000 Success:  0.90, D: 0.00 FPS: 9.81
01:32:49.587 [INFO] (off_policy_trainer_carla.py:497) Total Episode:   325 Steps:   71238 Episode Steps:   230 Return:  1.0000 Success:  0.90, D: 0.00 FPS: 9.66
01:33:14.258 [INFO] (off_policy_trainer_carla.py:497) Total Episode:   326 Steps:   71477 Episode Steps:   239 Return:  1.0000 Success:  0.90, D: 0.00 FPS: 9.69
01:33:35.238 [INFO] (off_policy_trainer_carla.py:497) Total Episode:   327 Steps:   71680 Episode Steps:   203 Return:  1.0000 Success:  0.90, D: 0.00 FPS: 9.68
01:34:01.331 [INFO] (off_policy_trainer_carla.py:497) Total Episode:   328 Steps:   71935 Episode Steps:   255 Return:  1.0000 Success:  0.90, D: 0.00 FPS: 9.77
01:34:24.714 [INFO] (off_policy_trainer_carla.py:497) Total Episode:   329 Steps:   72161 Episode Steps:   226 Return:  1.0000 Success:  0.90, D: 0.00 FPS: 9.67
01:34:53.391 [INFO] (off_policy_trainer_carla.py:497) Total Episode:   330 Steps:   72441 Episode Steps:   280 Return:  0.0000 Success:  0.85, D: 0.00 FPS: 9.76
01:35:18.605 [INFO] (off_policy_trainer_carla.py:497) Total Episode:   331 Steps:   72686 Episode Steps:   245 Return:  1.0000 Success:  0.85, D: 0.00 FPS: 9.72
01:35:43.271 [INFO] (off_policy_trainer_carla.py:497) Total Episode:   332 Steps:   72922 Episode Steps:   236 Return:  1.0000 Success:  0.85, D: 0.00 FPS: 9.57
01:36:09.658 [INFO] (off_policy_trainer_carla.py:497) Total Episode:   333 Steps:   73179 Episode Steps:   257 Return:  1.0000 Success:  0.90, D: 0.00 FPS: 9.74
01:36:35.861 [INFO] (off_policy_trainer_carla.py:497) Total Episode:   334 Steps:   73430 Episode Steps:   251 Return:  1.0000 Success:  0.90, D: 0.00 FPS: 9.58
01:37:00.016 [INFO] (off_policy_trainer_carla.py:497) Total Episode:   335 Steps:   73663 Episode Steps:   233 Return:  1.0000 Success:  0.90, D: 0.00 FPS: 9.65
01:37:23.868 [INFO] (off_policy_trainer_carla.py:497) Total Episode:   336 Steps:   73894 Episode Steps:   231 Return:  1.0000 Success:  0.90, D: 0.00 FPS: 9.69
01:37:50.793 [INFO] (off_policy_trainer_carla.py:497) Total Episode:   337 Steps:   74157 Episode Steps:   263 Return:  1.0000 Success:  0.95, D: 0.00 FPS: 9.77
01:38:15.050 [INFO] (off_policy_trainer_carla.py:497) Total Episode:   338 Steps:   74392 Episode Steps:   235 Return:  1.0000 Success:  0.95, D: 0.00 FPS: 9.69
01:38:39.540 [INFO] (off_policy_trainer_carla.py:497) Total Episode:   339 Steps:   74628 Episode Steps:   236 Return:  1.0000 Success:  0.95, D: 0.00 FPS: 9.64
01:39:01.618 [INFO] (off_policy_trainer_carla.py:497) Total Episode:   340 Steps:   74842 Episode Steps:   214 Return:  1.0000 Success:  0.95, D: 0.00 FPS: 9.69
01:39:26.599 [INFO] (off_policy_trainer_carla.py:497) Total Episode:   341 Steps:   75084 Episode Steps:   242 Return:  1.0000 Success:  0.95, D: 0.00 FPS: 9.69
01:39:53.121 [INFO] (off_policy_trainer_carla.py:497) Total Episode:   342 Steps:   75341 Episode Steps:   257 Return:  1.0000 Success:  0.95, D: 0.00 FPS: 9.69
01:40:15.665 [INFO] (off_policy_trainer_carla.py:497) Total Episode:   343 Steps:   75559 Episode Steps:   218 Return:  1.0000 Success:  0.95, D: 0.00 FPS: 9.67
01:40:40.869 [INFO] (off_policy_trainer_carla.py:497) Total Episode:   344 Steps:   75803 Episode Steps:   244 Return:  1.0000 Success:  0.95, D: 0.00 FPS: 9.68
01:41:07.931 [INFO] (off_policy_trainer_carla.py:497) Total Episode:   345 Steps:   76068 Episode Steps:   265 Return:  1.0000 Success:  0.95, D: 0.00 FPS: 9.79
01:41:32.085 [INFO] (off_policy_trainer_carla.py:497) Total Episode:   346 Steps:   76302 Episode Steps:   234 Return:  1.0000 Success:  0.95, D: 0.00 FPS: 9.69
01:41:59.549 [INFO] (off_policy_trainer_carla.py:497) Total Episode:   347 Steps:   76570 Episode Steps:   268 Return:  1.0000 Success:  0.95, D: 0.00 FPS: 9.76
01:42:29.273 [INFO] (off_policy_trainer_carla.py:497) Total Episode:   348 Steps:   76859 Episode Steps:   289 Return:  1.0000 Success:  0.95, D: 0.00 FPS: 9.72
01:42:55.147 [INFO] (off_policy_trainer_carla.py:497) Total Episode:   349 Steps:   77111 Episode Steps:   252 Return:  1.0000 Success:  0.95, D: 0.00 FPS: 9.74
01:43:24.436 [INFO] (off_policy_trainer_carla.py:497) Total Episode:   350 Steps:   77398 Episode Steps:   287 Return:  1.0000 Success:  1.00, D: 0.00 FPS: 9.80
01:43:51.590 [INFO] (off_policy_trainer_carla.py:497) Total Episode:   351 Steps:   77663 Episode Steps:   265 Return:  1.0000 Success:  1.00, D: 0.00 FPS: 9.76
01:44:08.030 [INFO] (off_policy_trainer_carla.py:497) Total Episode:   352 Steps:   77819 Episode Steps:   156 Return: -1.0000 Success:  0.95, D: 0.00 FPS: 9.49
01:44:35.770 [INFO] (off_policy_trainer_carla.py:497) Total Episode:   353 Steps:   78090 Episode Steps:   271 Return:  1.0000 Success:  0.95, D: 0.00 FPS: 9.77
01:44:59.218 [INFO] (off_policy_trainer_carla.py:497) Total Episode:   354 Steps:   78317 Episode Steps:   227 Return:  1.0000 Success:  0.95, D: 0.00 FPS: 9.68
01:45:29.916 [INFO] (off_policy_trainer_carla.py:497) Total Episode:   355 Steps:   78619 Episode Steps:   302 Return:  0.0000 Success:  0.90, D: 0.00 FPS: 9.84
01:45:54.551 [INFO] (off_policy_trainer_carla.py:497) Total Episode:   356 Steps:   78859 Episode Steps:   240 Return:  1.0000 Success:  0.90, D: 0.00 FPS: 9.74
01:46:15.673 [INFO] (off_policy_trainer_carla.py:497) Total Episode:   357 Steps:   79061 Episode Steps:   202 Return:  0.0000 Success:  0.85, D: 0.00 FPS: 9.56
01:46:43.003 [INFO] (off_policy_trainer_carla.py:497) Total Episode:   358 Steps:   79326 Episode Steps:   265 Return:  1.0000 Success:  0.85, D: 0.00 FPS: 9.70
01:47:13.328 [INFO] (off_policy_trainer_carla.py:497) Total Episode:   359 Steps:   79623 Episode Steps:   297 Return:  1.0000 Success:  0.85, D: 0.00 FPS: 9.79
01:47:39.109 [INFO] (off_policy_trainer_carla.py:497) Total Episode:   360 Steps:   79871 Episode Steps:   248 Return:  1.0000 Success:  0.85, D: 0.00 FPS: 9.62
01:48:09.940 [INFO] (off_policy_trainer_carla.py:497) Total Episode:   361 Steps:   80172 Episode Steps:   301 Return:  1.0000 Success:  0.85, D: 0.00 FPS: 9.76
01:48:38.992 [INFO] (off_policy_trainer_carla.py:497) Total Episode:   362 Steps:   80457 Episode Steps:   285 Return:  1.0000 Success:  0.85, D: 0.00 FPS: 9.81
01:49:09.824 [INFO] (off_policy_trainer_carla.py:497) Total Episode:   363 Steps:   80759 Episode Steps:   302 Return:  0.0000 Success:  0.80, D: 0.00 FPS: 9.80
01:49:38.954 [INFO] (off_policy_trainer_carla.py:497) Total Episode:   364 Steps:   81045 Episode Steps:   286 Return:  1.0000 Success:  0.80, D: 0.00 FPS: 9.82
01:50:10.095 [INFO] (off_policy_trainer_carla.py:497) Total Episode:   365 Steps:   81347 Episode Steps:   302 Return:  0.0000 Success:  0.75, D: 0.00 FPS: 9.70
01:50:35.457 [INFO] (off_policy_trainer_carla.py:497) Total Episode:   366 Steps:   81593 Episode Steps:   246 Return:  0.0000 Success:  0.70, D: 0.00 FPS: 9.70
01:51:01.667 [INFO] (off_policy_trainer_carla.py:497) Total Episode:   367 Steps:   81847 Episode Steps:   254 Return:  1.0000 Success:  0.70, D: 0.00 FPS: 9.69
01:51:27.927 [INFO] (off_policy_trainer_carla.py:497) Total Episode:   368 Steps:   82104 Episode Steps:   257 Return:  1.0000 Success:  0.70, D: 0.00 FPS: 9.79
01:51:51.080 [INFO] (off_policy_trainer_carla.py:497) Total Episode:   369 Steps:   82326 Episode Steps:   222 Return:  1.0000 Success:  0.70, D: 0.00 FPS: 9.59
01:52:16.800 [INFO] (off_policy_trainer_carla.py:497) Total Episode:   370 Steps:   82577 Episode Steps:   251 Return:  1.0000 Success:  0.70, D: 0.00 FPS: 9.76
01:52:42.208 [INFO] (off_policy_trainer_carla.py:497) Total Episode:   371 Steps:   82823 Episode Steps:   246 Return:  1.0000 Success:  0.70, D: 0.00 FPS: 9.68
01:53:05.161 [INFO] (off_policy_trainer_carla.py:497) Total Episode:   372 Steps:   83046 Episode Steps:   223 Return:  1.0000 Success:  0.75, D: 0.00 FPS: 9.72
01:53:30.806 [INFO] (off_policy_trainer_carla.py:497) Total Episode:   373 Steps:   83296 Episode Steps:   250 Return:  1.0000 Success:  0.75, D: 0.00 FPS: 9.75
01:53:54.300 [INFO] (off_policy_trainer_carla.py:497) Total Episode:   374 Steps:   83523 Episode Steps:   227 Return:  1.0000 Success:  0.75, D: 0.00 FPS: 9.66
01:54:21.605 [INFO] (off_policy_trainer_carla.py:497) Total Episode:   375 Steps:   83791 Episode Steps:   268 Return:  1.0000 Success:  0.80, D: 0.00 FPS: 9.82
01:54:45.368 [INFO] (off_policy_trainer_carla.py:497) Total Episode:   376 Steps:   84022 Episode Steps:   231 Return:  1.0000 Success:  0.80, D: 0.00 FPS: 9.72
01:55:11.815 [INFO] (off_policy_trainer_carla.py:497) Total Episode:   377 Steps:   84279 Episode Steps:   257 Return:  1.0000 Success:  0.85, D: 0.00 FPS: 9.72
01:55:39.746 [INFO] (off_policy_trainer_carla.py:497) Total Episode:   378 Steps:   84553 Episode Steps:   274 Return:  1.0000 Success:  0.85, D: 0.00 FPS: 9.81
01:56:06.605 [INFO] (off_policy_trainer_carla.py:497) Total Episode:   379 Steps:   84817 Episode Steps:   264 Return:  1.0000 Success:  0.85, D: 0.00 FPS: 9.83
01:56:35.801 [INFO] (off_policy_trainer_carla.py:497) Total Episode:   380 Steps:   85102 Episode Steps:   285 Return:  1.0000 Success:  0.85, D: 0.00 FPS: 9.76
01:57:00.303 [INFO] (off_policy_trainer_carla.py:497) Total Episode:   381 Steps:   85341 Episode Steps:   239 Return:  1.0000 Success:  0.85, D: 0.00 FPS: 9.76
01:57:27.029 [INFO] (off_policy_trainer_carla.py:497) Total Episode:   382 Steps:   85602 Episode Steps:   261 Return:  1.0000 Success:  0.85, D: 0.00 FPS: 9.77
01:57:53.377 [INFO] (off_policy_trainer_carla.py:497) Total Episode:   383 Steps:   85858 Episode Steps:   256 Return:  1.0000 Success:  0.90, D: 0.00 FPS: 9.72
01:58:19.837 [INFO] (off_policy_trainer_carla.py:497) Total Episode:   384 Steps:   86117 Episode Steps:   259 Return:  1.0000 Success:  0.90, D: 0.00 FPS: 9.79
01:58:47.365 [INFO] (off_policy_trainer_carla.py:497) Total Episode:   385 Steps:   86388 Episode Steps:   271 Return:  1.0000 Success:  0.95, D: 0.00 FPS: 9.85
01:59:18.089 [INFO] (off_policy_trainer_carla.py:497) Total Episode:   386 Steps:   86690 Episode Steps:   302 Return:  0.0000 Success:  0.95, D: 0.00 FPS: 9.83
01:59:46.218 [INFO] (off_policy_trainer_carla.py:497) Total Episode:   387 Steps:   86964 Episode Steps:   274 Return:  1.0000 Success:  0.95, D: 0.00 FPS: 9.74
02:00:10.956 [INFO] (off_policy_trainer_carla.py:497) Total Episode:   388 Steps:   87205 Episode Steps:   241 Return:  1.0000 Success:  0.95, D: 0.00 FPS: 9.74
02:00:36.303 [INFO] (off_policy_trainer_carla.py:497) Total Episode:   389 Steps:   87452 Episode Steps:   247 Return:  1.0000 Success:  0.95, D: 0.00 FPS: 9.75
02:01:02.246 [INFO] (off_policy_trainer_carla.py:497) Total Episode:   390 Steps:   87708 Episode Steps:   256 Return:  1.0000 Success:  0.95, D: 0.00 FPS: 9.87
02:01:28.000 [INFO] (off_policy_trainer_carla.py:497) Total Episode:   391 Steps:   87960 Episode Steps:   252 Return:  1.0000 Success:  0.95, D: 0.00 FPS: 9.79
02:01:55.649 [INFO] (off_policy_trainer_carla.py:497) Total Episode:   392 Steps:   88228 Episode Steps:   268 Return:  1.0000 Success:  0.95, D: 0.00 FPS: 9.69
02:02:21.423 [INFO] (off_policy_trainer_carla.py:497) Total Episode:   393 Steps:   88477 Episode Steps:   249 Return:  1.0000 Success:  0.95, D: 0.00 FPS: 9.66
02:02:49.097 [INFO] (off_policy_trainer_carla.py:497) Total Episode:   394 Steps:   88744 Episode Steps:   267 Return:  1.0000 Success:  0.95, D: 0.00 FPS: 9.65
02:03:18.502 [INFO] (off_policy_trainer_carla.py:497) Total Episode:   395 Steps:   89033 Episode Steps:   289 Return:  1.0000 Success:  0.95, D: 0.00 FPS: 9.83
02:03:40.860 [INFO] (off_policy_trainer_carla.py:497) Total Episode:   396 Steps:   89250 Episode Steps:   217 Return:  1.0000 Success:  0.95, D: 0.00 FPS: 9.71
02:04:04.766 [INFO] (off_policy_trainer_carla.py:497) Total Episode:   397 Steps:   89481 Episode Steps:   231 Return:  1.0000 Success:  0.95, D: 0.00 FPS: 9.66
02:04:27.717 [INFO] (off_policy_trainer_carla.py:497) Total Episode:   398 Steps:   89704 Episode Steps:   223 Return:  1.0000 Success:  0.95, D: 0.00 FPS: 9.72
02:04:54.120 [INFO] (off_policy_trainer_carla.py:497) Total Episode:   399 Steps:   89962 Episode Steps:   258 Return:  1.0000 Success:  0.95, D: 0.00 FPS: 9.77
02:05:19.561 [INFO] (off_policy_trainer_carla.py:497) Total Episode:   400 Steps:   90205 Episode Steps:   243 Return:  1.0000 Success:  0.95, D: 0.00 FPS: 9.55
02:05:44.843 [INFO] (off_policy_trainer_carla.py:497) Total Episode:   401 Steps:   90449 Episode Steps:   244 Return:  1.0000 Success:  0.95, D: 0.00 FPS: 9.65
02:06:10.800 [INFO] (off_policy_trainer_carla.py:497) Total Episode:   402 Steps:   90701 Episode Steps:   252 Return:  1.0000 Success:  0.95, D: 0.00 FPS: 9.71
02:06:34.518 [INFO] (off_policy_trainer_carla.py:497) Total Episode:   403 Steps:   90931 Episode Steps:   230 Return:  1.0000 Success:  0.95, D: 0.00 FPS: 9.70
02:06:59.268 [INFO] (off_policy_trainer_carla.py:497) Total Episode:   404 Steps:   91172 Episode Steps:   241 Return:  1.0000 Success:  0.95, D: 0.00 FPS: 9.74
02:07:18.860 [INFO] (off_policy_trainer_carla.py:497) Total Episode:   405 Steps:   91360 Episode Steps:   188 Return: -1.0000 Success:  0.90, D: 0.00 FPS: 9.60
02:07:40.341 [INFO] (off_policy_trainer_carla.py:497) Total Episode:   406 Steps:   91566 Episode Steps:   206 Return:  1.0000 Success:  0.95, D: 0.00 FPS: 9.59
02:08:03.515 [INFO] (off_policy_trainer_carla.py:497) Total Episode:   407 Steps:   91790 Episode Steps:   224 Return:  1.0000 Success:  0.95, D: 0.00 FPS: 9.67
02:08:28.033 [INFO] (off_policy_trainer_carla.py:497) Total Episode:   408 Steps:   92029 Episode Steps:   239 Return:  1.0000 Success:  0.95, D: 0.00 FPS: 9.75
02:08:58.772 [INFO] (off_policy_trainer_carla.py:497) Total Episode:   409 Steps:   92331 Episode Steps:   302 Return:  0.0000 Success:  0.90, D: 0.00 FPS: 9.83
02:09:25.406 [INFO] (off_policy_trainer_carla.py:497) Total Episode:   410 Steps:   92592 Episode Steps:   261 Return:  1.0000 Success:  0.90, D: 0.00 FPS: 9.80
02:09:50.469 [INFO] (off_policy_trainer_carla.py:497) Total Episode:   411 Steps:   92836 Episode Steps:   244 Return:  1.0000 Success:  0.90, D: 0.00 FPS: 9.74
02:10:14.244 [INFO] (off_policy_trainer_carla.py:497) Total Episode:   412 Steps:   93068 Episode Steps:   232 Return:  1.0000 Success:  0.90, D: 0.00 FPS: 9.76
02:10:36.775 [INFO] (off_policy_trainer_carla.py:497) Total Episode:   413 Steps:   93284 Episode Steps:   216 Return:  1.0000 Success:  0.90, D: 0.00 FPS: 9.59
02:10:59.796 [INFO] (off_policy_trainer_carla.py:497) Total Episode:   414 Steps:   93507 Episode Steps:   223 Return:  1.0000 Success:  0.90, D: 0.00 FPS: 9.69
02:11:25.348 [INFO] (off_policy_trainer_carla.py:497) Total Episode:   415 Steps:   93757 Episode Steps:   250 Return:  1.0000 Success:  0.90, D: 0.00 FPS: 9.79
02:11:50.524 [INFO] (off_policy_trainer_carla.py:497) Total Episode:   416 Steps:   93998 Episode Steps:   241 Return:  1.0000 Success:  0.90, D: 0.00 FPS: 9.57
02:12:13.422 [INFO] (off_policy_trainer_carla.py:497) Total Episode:   417 Steps:   94220 Episode Steps:   222 Return:  1.0000 Success:  0.90, D: 0.00 FPS: 9.70
02:12:36.420 [INFO] (off_policy_trainer_carla.py:497) Total Episode:   418 Steps:   94442 Episode Steps:   222 Return:  1.0000 Success:  0.90, D: 0.00 FPS: 9.65
02:13:01.480 [INFO] (off_policy_trainer_carla.py:497) Total Episode:   419 Steps:   94684 Episode Steps:   242 Return:  1.0000 Success:  0.90, D: 0.00 FPS: 9.66
02:13:29.323 [INFO] (off_policy_trainer_carla.py:497) Total Episode:   420 Steps:   94958 Episode Steps:   274 Return:  1.0000 Success:  0.90, D: 0.00 FPS: 9.84
02:13:54.494 [INFO] (off_policy_trainer_carla.py:497) Total Episode:   421 Steps:   95204 Episode Steps:   246 Return:  1.0000 Success:  0.90, D: 0.00 FPS: 9.77
02:14:19.689 [INFO] (off_policy_trainer_carla.py:497) Total Episode:   422 Steps:   95452 Episode Steps:   248 Return:  1.0000 Success:  0.90, D: 0.00 FPS: 9.84
02:14:46.139 [INFO] (off_policy_trainer_carla.py:497) Total Episode:   423 Steps:   95710 Episode Steps:   258 Return:  1.0000 Success:  0.90, D: 0.00 FPS: 9.75
02:15:12.735 [INFO] (off_policy_trainer_carla.py:497) Total Episode:   424 Steps:   95973 Episode Steps:   263 Return:  1.0000 Success:  0.90, D: 0.00 FPS: 9.89
02:15:39.178 [INFO] (off_policy_trainer_carla.py:497) Total Episode:   425 Steps:   96231 Episode Steps:   258 Return:  1.0000 Success:  0.95, D: 0.00 FPS: 9.76
02:16:00.533 [INFO] (off_policy_trainer_carla.py:497) Total Episode:   426 Steps:   96439 Episode Steps:   208 Return:  1.0000 Success:  0.95, D: 0.00 FPS: 9.74
02:16:21.831 [INFO] (off_policy_trainer_carla.py:497) Total Episode:   427 Steps:   96646 Episode Steps:   207 Return:  1.0000 Success:  0.95, D: 0.00 FPS: 9.72
02:16:45.908 [INFO] (off_policy_trainer_carla.py:497) Total Episode:   428 Steps:   96878 Episode Steps:   232 Return:  1.0000 Success:  0.95, D: 0.00 FPS: 9.64
02:17:09.173 [INFO] (off_policy_trainer_carla.py:497) Total Episode:   429 Steps:   97104 Episode Steps:   226 Return:  1.0000 Success:  1.00, D: 0.00 FPS: 9.72
02:17:32.308 [INFO] (off_policy_trainer_carla.py:497) Total Episode:   430 Steps:   97329 Episode Steps:   225 Return:  1.0000 Success:  1.00, D: 0.00 FPS: 9.73
02:17:55.787 [INFO] (off_policy_trainer_carla.py:497) Total Episode:   431 Steps:   97555 Episode Steps:   226 Return:  1.0000 Success:  1.00, D: 0.00 FPS: 9.63
02:18:20.212 [INFO] (off_policy_trainer_carla.py:497) Total Episode:   432 Steps:   97793 Episode Steps:   238 Return:  1.0000 Success:  1.00, D: 0.00 FPS: 9.75
02:18:43.244 [INFO] (off_policy_trainer_carla.py:497) Total Episode:   433 Steps:   98013 Episode Steps:   220 Return:  1.0000 Success:  1.00, D: 0.00 FPS: 9.55
02:19:07.846 [INFO] (off_policy_trainer_carla.py:497) Total Episode:   434 Steps:   98251 Episode Steps:   238 Return:  1.0000 Success:  1.00, D: 0.00 FPS: 9.68
02:19:29.570 [INFO] (off_policy_trainer_carla.py:497) Total Episode:   435 Steps:   98462 Episode Steps:   211 Return:  1.0000 Success:  1.00, D: 0.00 FPS: 9.71
02:19:53.569 [INFO] (off_policy_trainer_carla.py:497) Total Episode:   436 Steps:   98694 Episode Steps:   232 Return:  1.0000 Success:  1.00, D: 0.00 FPS: 9.67
02:20:15.346 [INFO] (off_policy_trainer_carla.py:497) Total Episode:   437 Steps:   98905 Episode Steps:   211 Return:  1.0000 Success:  1.00, D: 0.00 FPS: 9.69
02:20:40.709 [INFO] (off_policy_trainer_carla.py:497) Total Episode:   438 Steps:   99151 Episode Steps:   246 Return:  1.0000 Success:  1.00, D: 0.00 FPS: 9.70
02:21:03.446 [INFO] (off_policy_trainer_carla.py:497) Total Episode:   439 Steps:   99372 Episode Steps:   221 Return:  1.0000 Success:  1.00, D: 0.00 FPS: 9.72
02:21:28.025 [INFO] (off_policy_trainer_carla.py:497) Total Episode:   440 Steps:   99612 Episode Steps:   240 Return:  1.0000 Success:  1.00, D: 0.00 FPS: 9.77
02:21:53.774 [INFO] (off_policy_trainer_carla.py:497) Total Episode:   441 Steps:   99860 Episode Steps:   248 Return:  1.0000 Success:  1.00, D: 0.00 FPS: 9.63
02:22:18.468 [INFO] (off_policy_trainer_carla.py:497) Total Episode:   442 Steps:  100099 Episode Steps:   239 Return:  1.0000 Success:  1.00, D: 0.00 FPS: 9.68
02:22:39.918 [INFO] (off_policy_trainer_carla.py:497) Total Episode:   443 Steps:  100304 Episode Steps:   205 Return:  1.0000 Success:  1.00, D: 0.00 FPS: 9.56
02:23:06.447 [INFO] (off_policy_trainer_carla.py:497) Total Episode:   444 Steps:  100565 Episode Steps:   261 Return:  1.0000 Success:  1.00, D: 0.00 FPS: 9.84
02:23:27.888 [INFO] (off_policy_trainer_carla.py:497) Total Episode:   445 Steps:  100773 Episode Steps:   208 Return:  1.0000 Success:  1.00, D: 0.00 FPS: 9.70
02:23:52.452 [INFO] (off_policy_trainer_carla.py:497) Total Episode:   446 Steps:  101011 Episode Steps:   238 Return:  1.0000 Success:  1.00, D: 0.00 FPS: 9.69
02:24:17.360 [INFO] (off_policy_trainer_carla.py:497) Total Episode:   447 Steps:  101254 Episode Steps:   243 Return:  1.0000 Success:  1.00, D: 0.00 FPS: 9.76
02:24:44.040 [INFO] (off_policy_trainer_carla.py:497) Total Episode:   448 Steps:  101513 Episode Steps:   259 Return:  1.0000 Success:  1.00, D: 0.00 FPS: 9.71
02:25:09.951 [INFO] (off_policy_trainer_carla.py:497) Total Episode:   449 Steps:  101764 Episode Steps:   251 Return:  1.0000 Success:  1.00, D: 0.00 FPS: 9.69
02:25:34.998 [INFO] (off_policy_trainer_carla.py:497) Total Episode:   450 Steps:  102007 Episode Steps:   243 Return:  1.0000 Success:  1.00, D: 0.00 FPS: 9.70
02:25:59.896 [INFO] (off_policy_trainer_carla.py:497) Total Episode:   451 Steps:  102252 Episode Steps:   245 Return:  1.0000 Success:  1.00, D: 0.00 FPS: 9.84
02:26:21.900 [INFO] (off_policy_trainer_carla.py:497) Total Episode:   452 Steps:  102464 Episode Steps:   212 Return:  1.0000 Success:  1.00, D: 0.00 FPS: 9.64
02:26:50.097 [INFO] (off_policy_trainer_carla.py:497) Total Episode:   453 Steps:  102739 Episode Steps:   275 Return:  1.0000 Success:  1.00, D: 0.00 FPS: 9.75
02:27:18.953 [INFO] (off_policy_trainer_carla.py:497) Total Episode:   454 Steps:  103023 Episode Steps:   284 Return:  1.0000 Success:  1.00, D: 0.00 FPS: 9.84
02:27:44.551 [INFO] (off_policy_trainer_carla.py:497) Total Episode:   455 Steps:  103271 Episode Steps:   248 Return: -1.0000 Success:  0.95, D: 0.00 FPS: 9.69
02:28:13.454 [INFO] (off_policy_trainer_carla.py:497) Total Episode:   456 Steps:  103555 Episode Steps:   284 Return:  1.0000 Success:  0.95, D: 0.00 FPS: 9.83
02:28:37.094 [INFO] (off_policy_trainer_carla.py:497) Total Episode:   457 Steps:  103785 Episode Steps:   230 Return:  1.0000 Success:  0.95, D: 0.00 FPS: 9.73
02:28:58.877 [INFO] (off_policy_trainer_carla.py:497) Total Episode:   458 Steps:  103996 Episode Steps:   211 Return:  1.0000 Success:  0.95, D: 0.00 FPS: 9.69
02:29:21.197 [INFO] (off_policy_trainer_carla.py:497) Total Episode:   459 Steps:  104212 Episode Steps:   216 Return:  1.0000 Success:  0.95, D: 0.00 FPS: 9.68
02:29:46.876 [INFO] (off_policy_trainer_carla.py:497) Total Episode:   460 Steps:  104463 Episode Steps:   251 Return:  1.0000 Success:  0.95, D: 0.00 FPS: 9.78
02:30:13.200 [INFO] (off_policy_trainer_carla.py:497) Total Episode:   461 Steps:  104721 Episode Steps:   258 Return:  1.0000 Success:  0.95, D: 0.00 FPS: 9.80
02:30:43.874 [INFO] (off_policy_trainer_carla.py:497) Total Episode:   462 Steps:  105023 Episode Steps:   302 Return:  0.0000 Success:  0.90, D: 0.00 FPS: 9.85
02:31:08.428 [INFO] (off_policy_trainer_carla.py:497) Total Episode:   463 Steps:  105260 Episode Steps:   237 Return:  1.0000 Success:  0.90, D: 0.00 FPS: 9.65
02:31:32.582 [INFO] (off_policy_trainer_carla.py:497) Total Episode:   464 Steps:  105496 Episode Steps:   236 Return:  1.0000 Success:  0.90, D: 0.00 FPS: 9.77
02:31:53.714 [INFO] (off_policy_trainer_carla.py:497) Total Episode:   465 Steps:  105700 Episode Steps:   204 Return:  1.0000 Success:  0.90, D: 0.00 FPS: 9.66
02:32:15.461 [INFO] (off_policy_trainer_carla.py:497) Total Episode:   466 Steps:  105910 Episode Steps:   210 Return:  1.0000 Success:  0.90, D: 0.00 FPS: 9.66
02:32:37.949 [INFO] (off_policy_trainer_carla.py:497) Total Episode:   467 Steps:  106121 Episode Steps:   211 Return:  1.0000 Success:  0.90, D: 0.00 FPS: 9.38
02:33:02.922 [INFO] (off_policy_trainer_carla.py:497) Total Episode:   468 Steps:  106363 Episode Steps:   242 Return:  1.0000 Success:  0.90, D: 0.00 FPS: 9.69
02:33:26.954 [INFO] (off_policy_trainer_carla.py:497) Total Episode:   469 Steps:  106597 Episode Steps:   234 Return:  1.0000 Success:  0.90, D: 0.00 FPS: 9.74
02:33:50.546 [INFO] (off_policy_trainer_carla.py:497) Total Episode:   470 Steps:  106827 Episode Steps:   230 Return:  1.0000 Success:  0.90, D: 0.00 FPS: 9.75
02:34:11.537 [INFO] (off_policy_trainer_carla.py:497) Total Episode:   471 Steps:  107030 Episode Steps:   203 Return:  1.0000 Success:  0.90, D: 0.00 FPS: 9.67
02:34:36.247 [INFO] (off_policy_trainer_carla.py:497) Total Episode:   472 Steps:  107270 Episode Steps:   240 Return:  1.0000 Success:  0.90, D: 0.00 FPS: 9.71
02:34:57.300 [INFO] (off_policy_trainer_carla.py:497) Total Episode:   473 Steps:  107473 Episode Steps:   203 Return:  1.0000 Success:  0.90, D: 0.00 FPS: 9.64
02:35:17.319 [INFO] (off_policy_trainer_carla.py:497) Total Episode:   474 Steps:  107665 Episode Steps:   192 Return: -1.0000 Success:  0.85, D: 0.00 FPS: 9.59
02:35:39.853 [INFO] (off_policy_trainer_carla.py:497) Total Episode:   475 Steps:  107884 Episode Steps:   219 Return:  1.0000 Success:  0.90, D: 0.00 FPS: 9.72
02:36:00.378 [INFO] (off_policy_trainer_carla.py:497) Total Episode:   476 Steps:  108081 Episode Steps:   197 Return:  1.0000 Success:  0.90, D: 0.00 FPS: 9.60
02:36:25.112 [INFO] (off_policy_trainer_carla.py:497) Total Episode:   477 Steps:  108322 Episode Steps:   241 Return:  1.0000 Success:  0.90, D: 0.00 FPS: 9.74
02:36:49.999 [INFO] (off_policy_trainer_carla.py:497) Total Episode:   478 Steps:  108562 Episode Steps:   240 Return:  1.0000 Success:  0.90, D: 0.00 FPS: 9.64
02:37:09.238 [INFO] (off_policy_trainer_carla.py:497) Total Episode:   479 Steps:  108747 Episode Steps:   185 Return:  0.0000 Success:  0.85, D: 0.00 FPS: 9.62
02:37:34.583 [INFO] (off_policy_trainer_carla.py:497) Total Episode:   480 Steps:  108995 Episode Steps:   248 Return:  1.0000 Success:  0.85, D: 0.00 FPS: 9.79
02:38:05.349 [INFO] (off_policy_trainer_carla.py:497) Total Episode:   481 Steps:  109297 Episode Steps:   302 Return:  0.0000 Success:  0.80, D: 0.00 FPS: 9.82
02:38:32.925 [INFO] (off_policy_trainer_carla.py:497) Total Episode:   482 Steps:  109567 Episode Steps:   270 Return:  1.0000 Success:  0.85, D: 0.00 FPS: 9.79
02:38:59.784 [INFO] (off_policy_trainer_carla.py:497) Total Episode:   483 Steps:  109830 Episode Steps:   263 Return:  1.0000 Success:  0.85, D: 0.00 FPS: 9.79
02:39:23.789 [INFO] (off_policy_trainer_carla.py:497) Total Episode:   484 Steps:  110061 Episode Steps:   231 Return:  1.0000 Success:  0.85, D: 0.00 FPS: 9.62
02:39:51.402 [INFO] (off_policy_trainer_carla.py:497) Total Episode:   485 Steps:  110330 Episode Steps:   269 Return:  1.0000 Success:  0.85, D: 0.00 FPS: 9.74
02:40:11.699 [INFO] (off_policy_trainer_carla.py:497) Total Episode:   486 Steps:  110524 Episode Steps:   194 Return:  1.0000 Success:  0.85, D: 0.00 FPS: 9.56
02:40:35.196 [INFO] (off_policy_trainer_carla.py:497) Total Episode:   487 Steps:  110751 Episode Steps:   227 Return:  1.0000 Success:  0.85, D: 0.00 FPS: 9.66
02:40:57.195 [INFO] (off_policy_trainer_carla.py:497) Total Episode:   488 Steps:  110964 Episode Steps:   213 Return:  1.0000 Success:  0.85, D: 0.00 FPS: 9.68
02:41:20.227 [INFO] (off_policy_trainer_carla.py:497) Total Episode:   489 Steps:  111184 Episode Steps:   220 Return:  1.0000 Success:  0.85, D: 0.00 FPS: 9.55
02:41:35.459 [INFO] (off_policy_trainer_carla.py:497) Total Episode:   490 Steps:  111325 Episode Steps:   141 Return: -1.0000 Success:  0.80, D: 0.00 FPS: 9.26
02:41:57.351 [INFO] (off_policy_trainer_carla.py:497) Total Episode:   491 Steps:  111536 Episode Steps:   211 Return:  1.0000 Success:  0.80, D: 0.00 FPS: 9.64
02:42:18.491 [INFO] (off_policy_trainer_carla.py:497) Total Episode:   492 Steps:  111739 Episode Steps:   203 Return:  1.0000 Success:  0.80, D: 0.00 FPS: 9.60
02:42:40.840 [INFO] (off_policy_trainer_carla.py:497) Total Episode:   493 Steps:  111952 Episode Steps:   213 Return:  1.0000 Success:  0.80, D: 0.00 FPS: 9.53
02:43:04.799 [INFO] (off_policy_trainer_carla.py:497) Total Episode:   494 Steps:  112183 Episode Steps:   231 Return:  1.0000 Success:  0.85, D: 0.00 FPS: 9.64
02:43:28.758 [INFO] (off_policy_trainer_carla.py:497) Total Episode:   495 Steps:  112416 Episode Steps:   233 Return:  1.0000 Success:  0.85, D: 0.00 FPS: 9.73
02:43:49.907 [INFO] (off_policy_trainer_carla.py:497) Total Episode:   496 Steps:  112620 Episode Steps:   204 Return:  1.0000 Success:  0.85, D: 0.00 FPS: 9.65
02:44:13.042 [INFO] (off_policy_trainer_carla.py:497) Total Episode:   497 Steps:  112845 Episode Steps:   225 Return:  1.0000 Success:  0.85, D: 0.00 FPS: 9.73
02:44:38.010 [INFO] (off_policy_trainer_carla.py:497) Total Episode:   498 Steps:  113088 Episode Steps:   243 Return:  1.0000 Success:  0.85, D: 0.00 FPS: 9.73
02:45:00.146 [INFO] (off_policy_trainer_carla.py:497) Total Episode:   499 Steps:  113303 Episode Steps:   215 Return:  1.0000 Success:  0.90, D: 0.00 FPS: 9.71
02:45:21.502 [INFO] (off_policy_trainer_carla.py:497) Total Episode:   500 Steps:  113510 Episode Steps:   207 Return:  1.0000 Success:  0.90, D: 0.00 FPS: 9.69
02:45:44.611 [INFO] (off_policy_trainer_carla.py:497) Total Episode:   501 Steps:  113730 Episode Steps:   220 Return:  1.0000 Success:  0.95, D: 0.00 FPS: 9.52
02:46:01.922 [INFO] (off_policy_trainer_carla.py:497) Total Episode:   502 Steps:  113895 Episode Steps:   165 Return: -1.0000 Success:  0.90, D: 0.00 FPS: 9.53
02:46:26.958 [INFO] (off_policy_trainer_carla.py:497) Total Episode:   503 Steps:  114138 Episode Steps:   243 Return:  1.0000 Success:  0.90, D: 0.00 FPS: 9.71
02:46:51.013 [INFO] (off_policy_trainer_carla.py:497) Total Episode:   504 Steps:  114370 Episode Steps:   232 Return:  1.0000 Success:  0.90, D: 0.00 FPS: 9.65
02:47:15.175 [INFO] (off_policy_trainer_carla.py:497) Total Episode:   505 Steps:  114605 Episode Steps:   235 Return:  1.0000 Success:  0.90, D: 0.00 FPS: 9.73
02:47:38.412 [INFO] (off_policy_trainer_carla.py:497) Total Episode:   506 Steps:  114828 Episode Steps:   223 Return:  1.0000 Success:  0.90, D: 0.00 FPS: 9.60
02:48:00.883 [INFO] (off_policy_trainer_carla.py:497) Total Episode:   507 Steps:  115046 Episode Steps:   218 Return:  1.0000 Success:  0.90, D: 0.00 FPS: 9.70
02:48:25.641 [INFO] (off_policy_trainer_carla.py:497) Total Episode:   508 Steps:  115286 Episode Steps:   240 Return:  1.0000 Success:  0.90, D: 0.00 FPS: 9.69
02:48:48.343 [INFO] (off_policy_trainer_carla.py:497) Total Episode:   509 Steps:  115506 Episode Steps:   220 Return:  1.0000 Success:  0.90, D: 0.00 FPS: 9.69
02:49:09.640 [INFO] (off_policy_trainer_carla.py:497) Total Episode:   510 Steps:  115711 Episode Steps:   205 Return:  1.0000 Success:  0.95, D: 0.00 FPS: 9.63
02:49:33.450 [INFO] (off_policy_trainer_carla.py:497) Total Episode:   511 Steps:  115940 Episode Steps:   229 Return:  1.0000 Success:  0.95, D: 0.00 FPS: 9.62
02:49:56.821 [INFO] (off_policy_trainer_carla.py:497) Total Episode:   512 Steps:  116166 Episode Steps:   226 Return:  1.0000 Success:  0.95, D: 0.00 FPS: 9.67
02:50:23.288 [INFO] (off_policy_trainer_carla.py:497) Total Episode:   513 Steps:  116423 Episode Steps:   257 Return:  1.0000 Success:  0.95, D: 0.00 FPS: 9.71
02:50:46.742 [INFO] (off_policy_trainer_carla.py:497) Total Episode:   514 Steps:  116650 Episode Steps:   227 Return:  1.0000 Success:  0.95, D: 0.00 FPS: 9.68
02:51:11.078 [INFO] (off_policy_trainer_carla.py:497) Total Episode:   515 Steps:  116887 Episode Steps:   237 Return:  1.0000 Success:  0.95, D: 0.00 FPS: 9.74
02:51:34.505 [INFO] (off_policy_trainer_carla.py:497) Total Episode:   516 Steps:  117112 Episode Steps:   225 Return:  1.0000 Success:  0.95, D: 0.00 FPS: 9.61
02:51:58.953 [INFO] (off_policy_trainer_carla.py:497) Total Episode:   517 Steps:  117348 Episode Steps:   236 Return:  1.0000 Success:  0.95, D: 0.00 FPS: 9.65
02:52:23.149 [INFO] (off_policy_trainer_carla.py:497) Total Episode:   518 Steps:  117583 Episode Steps:   235 Return:  1.0000 Success:  0.95, D: 0.00 FPS: 9.71
02:52:45.413 [INFO] (off_policy_trainer_carla.py:497) Total Episode:   519 Steps:  117796 Episode Steps:   213 Return:  1.0000 Success:  0.95, D: 0.00 FPS: 9.57
02:53:08.171 [INFO] (off_policy_trainer_carla.py:497) Total Episode:   520 Steps:  118014 Episode Steps:   218 Return:  1.0000 Success:  0.95, D: 0.00 FPS: 9.58
02:53:30.314 [INFO] (off_policy_trainer_carla.py:497) Total Episode:   521 Steps:  118229 Episode Steps:   215 Return:  1.0000 Success:  0.95, D: 0.00 FPS: 9.71
02:53:54.934 [INFO] (off_policy_trainer_carla.py:497) Total Episode:   522 Steps:  118468 Episode Steps:   239 Return:  1.0000 Success:  1.00, D: 0.00 FPS: 9.71
02:54:15.382 [INFO] (off_policy_trainer_carla.py:497) Total Episode:   523 Steps:  118665 Episode Steps:   197 Return:  1.0000 Success:  1.00, D: 0.00 FPS: 9.64
02:54:37.361 [INFO] (off_policy_trainer_carla.py:497) Total Episode:   524 Steps:  118878 Episode Steps:   213 Return:  1.0000 Success:  1.00, D: 0.00 FPS: 9.69
02:55:00.012 [INFO] (off_policy_trainer_carla.py:497) Total Episode:   525 Steps:  119096 Episode Steps:   218 Return:  1.0000 Success:  1.00, D: 0.00 FPS: 9.63
02:55:27.068 [INFO] (off_policy_trainer_carla.py:497) Total Episode:   526 Steps:  119361 Episode Steps:   265 Return:  1.0000 Success:  1.00, D: 0.00 FPS: 9.80
02:55:51.749 [INFO] (off_policy_trainer_carla.py:497) Total Episode:   527 Steps:  119601 Episode Steps:   240 Return:  1.0000 Success:  1.00, D: 0.00 FPS: 9.73
02:56:18.071 [INFO] (off_policy_trainer_carla.py:497) Total Episode:   528 Steps:  119858 Episode Steps:   257 Return:  1.0000 Success:  1.00, D: 0.00 FPS: 9.76
02:56:44.702 [INFO] (off_policy_trainer_carla.py:497) Total Episode:   529 Steps:  120116 Episode Steps:   258 Return:  1.0000 Success:  1.00, D: 0.00 FPS: 9.69
02:57:09.193 [INFO] (off_policy_trainer_carla.py:497) Total Episode:   530 Steps:  120353 Episode Steps:   237 Return:  1.0000 Success:  1.00, D: 0.00 FPS: 9.68
02:57:31.855 [INFO] (off_policy_trainer_carla.py:497) Total Episode:   531 Steps:  120574 Episode Steps:   221 Return:  1.0000 Success:  1.00, D: 0.00 FPS: 9.75
02:57:57.082 [INFO] (off_policy_trainer_carla.py:497) Total Episode:   532 Steps:  120818 Episode Steps:   244 Return:  1.0000 Success:  1.00, D: 0.00 FPS: 9.67
02:58:20.013 [INFO] (off_policy_trainer_carla.py:497) Total Episode:   533 Steps:  121040 Episode Steps:   222 Return:  1.0000 Success:  1.00, D: 0.00 FPS: 9.68
02:58:43.669 [INFO] (off_policy_trainer_carla.py:497) Total Episode:   534 Steps:  121269 Episode Steps:   229 Return:  1.0000 Success:  1.00, D: 0.00 FPS: 9.68
02:59:07.611 [INFO] (off_policy_trainer_carla.py:497) Total Episode:   535 Steps:  121501 Episode Steps:   232 Return:  1.0000 Success:  1.00, D: 0.00 FPS: 9.69
02:59:31.245 [INFO] (off_policy_trainer_carla.py:497) Total Episode:   536 Steps:  121726 Episode Steps:   225 Return:  1.0000 Success:  1.00, D: 0.00 FPS: 9.52
02:59:53.804 [INFO] (off_policy_trainer_carla.py:497) Total Episode:   537 Steps:  121943 Episode Steps:   217 Return:  1.0000 Success:  1.00, D: 0.00 FPS: 9.62
03:00:18.328 [INFO] (off_policy_trainer_carla.py:497) Total Episode:   538 Steps:  122182 Episode Steps:   239 Return:  1.0000 Success:  1.00, D: 0.00 FPS: 9.75
03:00:42.456 [INFO] (off_policy_trainer_carla.py:497) Total Episode:   539 Steps:  122416 Episode Steps:   234 Return:  1.0000 Success:  1.00, D: 0.00 FPS: 9.70
03:01:06.211 [INFO] (off_policy_trainer_carla.py:497) Total Episode:   540 Steps:  122646 Episode Steps:   230 Return:  1.0000 Success:  1.00, D: 0.00 FPS: 9.68
03:01:29.814 [INFO] (off_policy_trainer_carla.py:497) Total Episode:   541 Steps:  122875 Episode Steps:   229 Return:  1.0000 Success:  1.00, D: 0.00 FPS: 9.70
03:02:00.950 [INFO] (off_policy_trainer_carla.py:497) Total Episode:   542 Steps:  123177 Episode Steps:   302 Return:  0.0000 Success:  0.95, D: 0.00 FPS: 9.70
03:02:29.357 [INFO] (off_policy_trainer_carla.py:497) Total Episode:   543 Steps:  123456 Episode Steps:   279 Return:  1.0000 Success:  0.95, D: 0.00 FPS: 9.82
03:02:54.817 [INFO] (off_policy_trainer_carla.py:497) Total Episode:   544 Steps:  123702 Episode Steps:   246 Return:  1.0000 Success:  0.95, D: 0.00 FPS: 9.66
03:03:19.475 [INFO] (off_policy_trainer_carla.py:497) Total Episode:   545 Steps:  123942 Episode Steps:   240 Return:  1.0000 Success:  0.95, D: 0.00 FPS: 9.73
03:03:44.344 [INFO] (off_policy_trainer_carla.py:497) Total Episode:   546 Steps:  124184 Episode Steps:   242 Return:  1.0000 Success:  0.95, D: 0.00 FPS: 9.73
03:04:07.353 [INFO] (off_policy_trainer_carla.py:497) Total Episode:   547 Steps:  124407 Episode Steps:   223 Return:  1.0000 Success:  0.95, D: 0.00 FPS: 9.69
03:04:30.746 [INFO] (off_policy_trainer_carla.py:497) Total Episode:   548 Steps:  124635 Episode Steps:   228 Return:  1.0000 Success:  0.95, D: 0.00 FPS: 9.75
03:04:54.027 [INFO] (off_policy_trainer_carla.py:497) Total Episode:   549 Steps:  124861 Episode Steps:   226 Return:  1.0000 Success:  0.95, D: 0.00 FPS: 9.71
03:05:17.812 [INFO] (off_policy_trainer_carla.py:497) Total Episode:   550 Steps:  125090 Episode Steps:   229 Return:  1.0000 Success:  0.95, D: 0.00 FPS: 9.63
03:05:42.187 [INFO] (off_policy_trainer_carla.py:497) Total Episode:   551 Steps:  125326 Episode Steps:   236 Return:  1.0000 Success:  0.95, D: 0.00 FPS: 9.68
03:06:07.521 [INFO] (off_policy_trainer_carla.py:497) Total Episode:   552 Steps:  125573 Episode Steps:   247 Return:  1.0000 Success:  0.95, D: 0.00 FPS: 9.75
03:06:37.608 [INFO] (off_policy_trainer_carla.py:497) Total Episode:   553 Steps:  125867 Episode Steps:   294 Return:  1.0000 Success:  0.95, D: 0.00 FPS: 9.77
03:07:00.919 [INFO] (off_policy_trainer_carla.py:497) Total Episode:   554 Steps:  126092 Episode Steps:   225 Return:  1.0000 Success:  0.95, D: 0.00 FPS: 9.65
03:07:25.723 [INFO] (off_policy_trainer_carla.py:497) Total Episode:   555 Steps:  126333 Episode Steps:   241 Return:  1.0000 Success:  0.95, D: 0.00 FPS: 9.72
03:07:53.745 [INFO] (off_policy_trainer_carla.py:497) Total Episode:   556 Steps:  126604 Episode Steps:   271 Return:  1.0000 Success:  0.95, D: 0.00 FPS: 9.67
03:08:17.793 [INFO] (off_policy_trainer_carla.py:497) Total Episode:   557 Steps:  126838 Episode Steps:   234 Return:  1.0000 Success:  0.95, D: 0.00 FPS: 9.73
03:08:44.050 [INFO] (off_policy_trainer_carla.py:497) Total Episode:   558 Steps:  127093 Episode Steps:   255 Return:  1.0000 Success:  0.95, D: 0.00 FPS: 9.71
03:09:09.064 [INFO] (off_policy_trainer_carla.py:497) Total Episode:   559 Steps:  127336 Episode Steps:   243 Return:  1.0000 Success:  0.95, D: 0.00 FPS: 9.72
03:09:30.676 [INFO] (off_policy_trainer_carla.py:497) Total Episode:   560 Steps:  127545 Episode Steps:   209 Return:  1.0000 Success:  0.95, D: 0.00 FPS: 9.67
03:09:55.693 [INFO] (off_policy_trainer_carla.py:497) Total Episode:   561 Steps:  127789 Episode Steps:   244 Return:  1.0000 Success:  0.95, D: 0.00 FPS: 9.75
03:10:20.816 [INFO] (off_policy_trainer_carla.py:497) Total Episode:   562 Steps:  128034 Episode Steps:   245 Return:  1.0000 Success:  1.00, D: 0.00 FPS: 9.75
03:10:47.038 [INFO] (off_policy_trainer_carla.py:497) Total Episode:   563 Steps:  128289 Episode Steps:   255 Return:  1.0000 Success:  1.00, D: 0.00 FPS: 9.73
03:11:10.466 [INFO] (off_policy_trainer_carla.py:497) Total Episode:   564 Steps:  128515 Episode Steps:   226 Return:  1.0000 Success:  1.00, D: 0.00 FPS: 9.65
03:11:34.621 [INFO] (off_policy_trainer_carla.py:497) Total Episode:   565 Steps:  128748 Episode Steps:   233 Return:  1.0000 Success:  1.00, D: 0.00 FPS: 9.65
03:12:02.088 [INFO] (off_policy_trainer_carla.py:497) Total Episode:   566 Steps:  129016 Episode Steps:   268 Return:  1.0000 Success:  1.00, D: 0.00 FPS: 9.76
03:12:25.010 [INFO] (off_policy_trainer_carla.py:497) Total Episode:   567 Steps:  129238 Episode Steps:   222 Return:  1.0000 Success:  1.00, D: 0.00 FPS: 9.69
03:13:11.425 [INFO] (off_policy_trainer_carla.py:497) Total Episode:   568 Steps:  129493 Episode Steps:   255 Return:  1.0000 Success:  1.00, D: 0.00 FPS: 5.49
03:13:33.244 [INFO] (off_policy_trainer_carla.py:497) Total Episode:   569 Steps:  129703 Episode Steps:   210 Return:  1.0000 Success:  1.00, D: 0.00 FPS: 9.64
03:13:56.955 [INFO] (off_policy_trainer_carla.py:497) Total Episode:   570 Steps:  129932 Episode Steps:   229 Return:  1.0000 Success:  1.00, D: 0.00 FPS: 9.66
03:14:20.457 [INFO] (off_policy_trainer_carla.py:497) Total Episode:   571 Steps:  130155 Episode Steps:   223 Return:  1.0000 Success:  1.00, D: 0.00 FPS: 9.49
03:14:44.302 [INFO] (off_policy_trainer_carla.py:497) Total Episode:   572 Steps:  130387 Episode Steps:   232 Return:  1.0000 Success:  1.00, D: 0.00 FPS: 9.73
03:15:01.119 [INFO] (off_policy_trainer_carla.py:497) Total Episode:   573 Steps:  130547 Episode Steps:   160 Return: -1.0000 Success:  0.95, D: 0.00 FPS: 9.52
03:15:24.152 [INFO] (off_policy_trainer_carla.py:497) Total Episode:   574 Steps:  130770 Episode Steps:   223 Return:  1.0000 Success:  0.95, D: 0.00 FPS: 9.68
03:15:52.076 [INFO] (off_policy_trainer_carla.py:497) Total Episode:   575 Steps:  131041 Episode Steps:   271 Return:  1.0000 Success:  0.95, D: 0.00 FPS: 9.71
03:16:16.558 [INFO] (off_policy_trainer_carla.py:497) Total Episode:   576 Steps:  131280 Episode Steps:   239 Return:  1.0000 Success:  0.95, D: 0.00 FPS: 9.76
03:16:43.599 [INFO] (off_policy_trainer_carla.py:497) Total Episode:   577 Steps:  131542 Episode Steps:   262 Return:  1.0000 Success:  0.95, D: 0.00 FPS: 9.69
03:17:05.758 [INFO] (off_policy_trainer_carla.py:497) Total Episode:   578 Steps:  131755 Episode Steps:   213 Return:  1.0000 Success:  0.95, D: 0.00 FPS: 9.61
03:17:34.225 [INFO] (off_policy_trainer_carla.py:497) Total Episode:   579 Steps:  132032 Episode Steps:   277 Return:  1.0000 Success:  0.95, D: 0.00 FPS: 9.73
03:18:01.743 [INFO] (off_policy_trainer_carla.py:497) Total Episode:   580 Steps:  132301 Episode Steps:   269 Return:  1.0000 Success:  0.95, D: 0.00 FPS: 9.78
03:18:23.653 [INFO] (off_policy_trainer_carla.py:497) Total Episode:   581 Steps:  132513 Episode Steps:   212 Return:  1.0000 Success:  0.95, D: 0.00 FPS: 9.68
03:18:49.624 [INFO] (off_policy_trainer_carla.py:497) Total Episode:   582 Steps:  132767 Episode Steps:   254 Return:  1.0000 Success:  0.95, D: 0.00 FPS: 9.78
03:19:20.605 [INFO] (off_policy_trainer_carla.py:497) Total Episode:   583 Steps:  133069 Episode Steps:   302 Return:  0.0000 Success:  0.90, D: 0.00 FPS: 9.75
03:19:49.397 [INFO] (off_policy_trainer_carla.py:497) Total Episode:   584 Steps:  133351 Episode Steps:   282 Return:  1.0000 Success:  0.90, D: 0.00 FPS: 9.79
03:20:20.214 [INFO] (off_policy_trainer_carla.py:497) Total Episode:   585 Steps:  133653 Episode Steps:   302 Return:  0.0000 Success:  0.85, D: 0.00 FPS: 9.80
03:20:50.855 [INFO] (off_policy_trainer_carla.py:497) Total Episode:   586 Steps:  133955 Episode Steps:   302 Return:  0.0000 Success:  0.80, D: 0.00 FPS: 9.86
03:21:21.697 [INFO] (off_policy_trainer_carla.py:497) Total Episode:   587 Steps:  134257 Episode Steps:   302 Return:  0.0000 Success:  0.75, D: 0.00 FPS: 9.79
03:21:52.741 [INFO] (off_policy_trainer_carla.py:497) Total Episode:   588 Steps:  134559 Episode Steps:   302 Return:  0.0000 Success:  0.70, D: 0.00 FPS: 9.73
03:22:23.076 [INFO] (off_policy_trainer_carla.py:497) Total Episode:   589 Steps:  134856 Episode Steps:   297 Return:  1.0000 Success:  0.70, D: 0.00 FPS: 9.79
03:22:51.175 [INFO] (off_policy_trainer_carla.py:497) Total Episode:   590 Steps:  135129 Episode Steps:   273 Return:  1.0000 Success:  0.70, D: 0.00 FPS: 9.72
03:23:19.465 [INFO] (off_policy_trainer_carla.py:497) Total Episode:   591 Steps:  135405 Episode Steps:   276 Return:  1.0000 Success:  0.70, D: 0.00 FPS: 9.76
03:23:50.216 [INFO] (off_policy_trainer_carla.py:497) Total Episode:   592 Steps:  135707 Episode Steps:   302 Return:  0.0000 Success:  0.65, D: 0.00 FPS: 9.82
03:24:14.071 [INFO] (off_policy_trainer_carla.py:497) Total Episode:   593 Steps:  135938 Episode Steps:   231 Return:  1.0000 Success:  0.70, D: 0.00 FPS: 9.68
03:24:40.913 [INFO] (off_policy_trainer_carla.py:497) Total Episode:   594 Steps:  136199 Episode Steps:   261 Return:  1.0000 Success:  0.70, D: 0.00 FPS: 9.72
03:25:11.654 [INFO] (off_policy_trainer_carla.py:497) Total Episode:   595 Steps:  136501 Episode Steps:   302 Return:  0.0000 Success:  0.65, D: 0.00 FPS: 9.82
03:25:37.892 [INFO] (off_policy_trainer_carla.py:497) Total Episode:   596 Steps:  136755 Episode Steps:   254 Return:  1.0000 Success:  0.65, D: 0.00 FPS: 9.68
03:26:01.240 [INFO] (off_policy_trainer_carla.py:497) Total Episode:   597 Steps:  136980 Episode Steps:   225 Return:  1.0000 Success:  0.65, D: 0.00 FPS: 9.64
03:26:26.631 [INFO] (off_policy_trainer_carla.py:497) Total Episode:   598 Steps:  137227 Episode Steps:   247 Return:  1.0000 Success:  0.65, D: 0.00 FPS: 9.73
03:26:53.985 [INFO] (off_policy_trainer_carla.py:497) Total Episode:   599 Steps:  137491 Episode Steps:   264 Return:  1.0000 Success:  0.65, D: 0.00 FPS: 9.65
03:27:18.456 [INFO] (off_policy_trainer_carla.py:497) Total Episode:   600 Steps:  137728 Episode Steps:   237 Return:  1.0000 Success:  0.65, D: 0.00 FPS: 9.69
03:27:45.610 [INFO] (off_policy_trainer_carla.py:497) Total Episode:   601 Steps:  137990 Episode Steps:   262 Return:  1.0000 Success:  0.65, D: 0.00 FPS: 9.65
03:28:10.209 [INFO] (off_policy_trainer_carla.py:497) Total Episode:   602 Steps:  138229 Episode Steps:   239 Return:  1.0000 Success:  0.65, D: 0.00 FPS: 9.72
03:28:36.830 [INFO] (off_policy_trainer_carla.py:497) Total Episode:   603 Steps:  138489 Episode Steps:   260 Return:  1.0000 Success:  0.70, D: 0.00 FPS: 9.77
03:29:02.710 [INFO] (off_policy_trainer_carla.py:497) Total Episode:   604 Steps:  138740 Episode Steps:   251 Return:  1.0000 Success:  0.70, D: 0.00 FPS: 9.70
03:29:28.001 [INFO] (off_policy_trainer_carla.py:497) Total Episode:   605 Steps:  138981 Episode Steps:   241 Return:  1.0000 Success:  0.75, D: 0.00 FPS: 9.53
03:29:53.492 [INFO] (off_policy_trainer_carla.py:497) Total Episode:   606 Steps:  139229 Episode Steps:   248 Return:  1.0000 Success:  0.80, D: 0.00 FPS: 9.73
03:30:17.975 [INFO] (off_policy_trainer_carla.py:497) Total Episode:   607 Steps:  139469 Episode Steps:   240 Return:  1.0000 Success:  0.85, D: 0.00 FPS: 9.80
03:30:44.068 [INFO] (off_policy_trainer_carla.py:497) Total Episode:   608 Steps:  139723 Episode Steps:   254 Return:  1.0000 Success:  0.90, D: 0.00 FPS: 9.74
03:31:10.800 [INFO] (off_policy_trainer_carla.py:497) Total Episode:   609 Steps:  139984 Episode Steps:   261 Return:  1.0000 Success:  0.90, D: 0.00 FPS: 9.76
03:31:38.242 [INFO] (off_policy_trainer_carla.py:497) Total Episode:   610 Steps:  140247 Episode Steps:   263 Return:  1.0000 Success:  0.90, D: 0.00 FPS: 9.58
03:32:04.189 [INFO] (off_policy_trainer_carla.py:497) Total Episode:   611 Steps:  140502 Episode Steps:   255 Return:  1.0000 Success:  0.90, D: 0.00 FPS: 9.83
03:32:29.619 [INFO] (off_policy_trainer_carla.py:497) Total Episode:   612 Steps:  140749 Episode Steps:   247 Return:  1.0000 Success:  0.95, D: 0.00 FPS: 9.71
03:32:55.909 [INFO] (off_policy_trainer_carla.py:497) Total Episode:   613 Steps:  141005 Episode Steps:   256 Return:  1.0000 Success:  0.95, D: 0.00 FPS: 9.74
03:33:22.293 [INFO] (off_policy_trainer_carla.py:497) Total Episode:   614 Steps:  141263 Episode Steps:   258 Return:  1.0000 Success:  0.95, D: 0.00 FPS: 9.78
03:33:47.169 [INFO] (off_policy_trainer_carla.py:497) Total Episode:   615 Steps:  141505 Episode Steps:   242 Return:  1.0000 Success:  1.00, D: 0.00 FPS: 9.73
03:34:12.168 [INFO] (off_policy_trainer_carla.py:497) Total Episode:   616 Steps:  141749 Episode Steps:   244 Return:  1.0000 Success:  1.00, D: 0.00 FPS: 9.76
03:34:38.982 [INFO] (off_policy_trainer_carla.py:497) Total Episode:   617 Steps:  142011 Episode Steps:   262 Return:  1.0000 Success:  1.00, D: 0.00 FPS: 9.77
03:35:05.218 [INFO] (off_policy_trainer_carla.py:497) Total Episode:   618 Steps:  142266 Episode Steps:   255 Return:  1.0000 Success:  1.00, D: 0.00 FPS: 9.72
03:35:30.228 [INFO] (off_policy_trainer_carla.py:497) Total Episode:   619 Steps:  142510 Episode Steps:   244 Return:  1.0000 Success:  1.00, D: 0.00 FPS: 9.76
03:35:55.690 [INFO] (off_policy_trainer_carla.py:497) Total Episode:   620 Steps:  142758 Episode Steps:   248 Return:  1.0000 Success:  1.00, D: 0.00 FPS: 9.74
03:36:21.264 [INFO] (off_policy_trainer_carla.py:497) Total Episode:   621 Steps:  143008 Episode Steps:   250 Return:  1.0000 Success:  1.00, D: 0.00 FPS: 9.78
03:36:46.365 [INFO] (off_policy_trainer_carla.py:497) Total Episode:   622 Steps:  143250 Episode Steps:   242 Return:  1.0000 Success:  1.00, D: 0.00 FPS: 9.64
03:37:10.765 [INFO] (off_policy_trainer_carla.py:497) Total Episode:   623 Steps:  143488 Episode Steps:   238 Return:  1.0000 Success:  1.00, D: 0.00 FPS: 9.75
03:37:34.715 [INFO] (off_policy_trainer_carla.py:497) Total Episode:   624 Steps:  143719 Episode Steps:   231 Return:  1.0000 Success:  1.00, D: 0.00 FPS: 9.65
03:37:59.132 [INFO] (off_policy_trainer_carla.py:497) Total Episode:   625 Steps:  143958 Episode Steps:   239 Return:  1.0000 Success:  1.00, D: 0.00 FPS: 9.79
03:38:23.715 [INFO] (off_policy_trainer_carla.py:497) Total Episode:   626 Steps:  144198 Episode Steps:   240 Return:  1.0000 Success:  1.00, D: 0.00 FPS: 9.76
03:38:47.849 [INFO] (off_policy_trainer_carla.py:497) Total Episode:   627 Steps:  144434 Episode Steps:   236 Return:  1.0000 Success:  1.00, D: 0.00 FPS: 9.78
03:39:12.713 [INFO] (off_policy_trainer_carla.py:497) Total Episode:   628 Steps:  144676 Episode Steps:   242 Return:  1.0000 Success:  1.00, D: 0.00 FPS: 9.73
03:39:36.957 [INFO] (off_policy_trainer_carla.py:497) Total Episode:   629 Steps:  144911 Episode Steps:   235 Return:  1.0000 Success:  1.00, D: 0.00 FPS: 9.69
03:39:59.893 [INFO] (off_policy_trainer_carla.py:497) Total Episode:   630 Steps:  145132 Episode Steps:   221 Return:  1.0000 Success:  1.00, D: 0.00 FPS: 9.64
03:40:24.423 [INFO] (off_policy_trainer_carla.py:497) Total Episode:   631 Steps:  145370 Episode Steps:   238 Return:  1.0000 Success:  1.00, D: 0.00 FPS: 9.70
03:40:49.120 [INFO] (off_policy_trainer_carla.py:497) Total Episode:   632 Steps:  145610 Episode Steps:   240 Return:  1.0000 Success:  1.00, D: 0.00 FPS: 9.72
03:41:13.420 [INFO] (off_policy_trainer_carla.py:497) Total Episode:   633 Steps:  145846 Episode Steps:   236 Return:  1.0000 Success:  1.00, D: 0.00 FPS: 9.71
03:41:35.639 [INFO] (off_policy_trainer_carla.py:497) Total Episode:   634 Steps:  146059 Episode Steps:   213 Return:  1.0000 Success:  1.00, D: 0.00 FPS: 9.59
03:41:56.800 [INFO] (off_policy_trainer_carla.py:497) Total Episode:   635 Steps:  146263 Episode Steps:   204 Return:  1.0000 Success:  1.00, D: 0.00 FPS: 9.64
03:42:21.236 [INFO] (off_policy_trainer_carla.py:497) Total Episode:   636 Steps:  146500 Episode Steps:   237 Return:  1.0000 Success:  1.00, D: 0.00 FPS: 9.70
03:42:47.047 [INFO] (off_policy_trainer_carla.py:497) Total Episode:   637 Steps:  146748 Episode Steps:   248 Return:  1.0000 Success:  1.00, D: 0.00 FPS: 9.61
03:43:08.059 [INFO] (off_policy_trainer_carla.py:497) Total Episode:   638 Steps:  146950 Episode Steps:   202 Return:  1.0000 Success:  1.00, D: 0.00 FPS: 9.61
03:43:32.228 [INFO] (off_policy_trainer_carla.py:497) Total Episode:   639 Steps:  147185 Episode Steps:   235 Return:  1.0000 Success:  1.00, D: 0.00 FPS: 9.72
03:43:56.784 [INFO] (off_policy_trainer_carla.py:497) Total Episode:   640 Steps:  147420 Episode Steps:   235 Return:  1.0000 Success:  1.00, D: 0.00 FPS: 9.57
03:44:21.508 [INFO] (off_policy_trainer_carla.py:497) Total Episode:   641 Steps:  147659 Episode Steps:   239 Return:  1.0000 Success:  1.00, D: 0.00 FPS: 9.67
03:44:46.132 [INFO] (off_policy_trainer_carla.py:497) Total Episode:   642 Steps:  147897 Episode Steps:   238 Return:  1.0000 Success:  1.00, D: 0.00 FPS: 9.67
03:45:12.131 [INFO] (off_policy_trainer_carla.py:497) Total Episode:   643 Steps:  148148 Episode Steps:   251 Return:  1.0000 Success:  1.00, D: 0.00 FPS: 9.66
03:45:35.913 [INFO] (off_policy_trainer_carla.py:497) Total Episode:   644 Steps:  148379 Episode Steps:   231 Return:  1.0000 Success:  1.00, D: 0.00 FPS: 9.71
03:46:03.110 [INFO] (off_policy_trainer_carla.py:497) Total Episode:   645 Steps:  148643 Episode Steps:   264 Return:  1.0000 Success:  1.00, D: 0.00 FPS: 9.71
03:46:28.155 [INFO] (off_policy_trainer_carla.py:497) Total Episode:   646 Steps:  148887 Episode Steps:   244 Return:  1.0000 Success:  1.00, D: 0.00 FPS: 9.74
03:46:54.300 [INFO] (off_policy_trainer_carla.py:497) Total Episode:   647 Steps:  149139 Episode Steps:   252 Return:  1.0000 Success:  1.00, D: 0.00 FPS: 9.64
03:47:22.314 [INFO] (off_policy_trainer_carla.py:497) Total Episode:   648 Steps:  149414 Episode Steps:   275 Return:  1.0000 Success:  1.00, D: 0.00 FPS: 9.82
03:47:46.732 [INFO] (off_policy_trainer_carla.py:497) Total Episode:   649 Steps:  149649 Episode Steps:   235 Return:  1.0000 Success:  1.00, D: 0.00 FPS: 9.63
03:48:12.858 [INFO] (off_policy_trainer_carla.py:497) Total Episode:   650 Steps:  149904 Episode Steps:   255 Return:  1.0000 Success:  1.00, D: 0.00 FPS: 9.76
03:48:38.953 [INFO] (off_policy_trainer_carla.py:497) Total Episode:   651 Steps:  150160 Episode Steps:   256 Return:  1.0000 Success:  1.00, D: 0.00 FPS: 9.81
03:49:03.402 [INFO] (off_policy_trainer_carla.py:497) Total Episode:   652 Steps:  150398 Episode Steps:   238 Return:  1.0000 Success:  1.00, D: 0.00 FPS: 9.74
03:49:28.781 [INFO] (off_policy_trainer_carla.py:497) Total Episode:   653 Steps:  150644 Episode Steps:   246 Return:  1.0000 Success:  1.00, D: 0.00 FPS: 9.69
03:49:52.999 [INFO] (off_policy_trainer_carla.py:497) Total Episode:   654 Steps:  150879 Episode Steps:   235 Return:  1.0000 Success:  1.00, D: 0.00 FPS: 9.70
03:50:18.695 [INFO] (off_policy_trainer_carla.py:497) Total Episode:   655 Steps:  151131 Episode Steps:   252 Return:  1.0000 Success:  1.00, D: 0.00 FPS: 9.81
03:50:44.177 [INFO] (off_policy_trainer_carla.py:497) Total Episode:   656 Steps:  151379 Episode Steps:   248 Return:  1.0000 Success:  1.00, D: 0.00 FPS: 9.73
03:51:12.519 [INFO] (off_policy_trainer_carla.py:497) Total Episode:   657 Steps:  151656 Episode Steps:   277 Return:  1.0000 Success:  1.00, D: 0.00 FPS: 9.77
03:51:37.662 [INFO] (off_policy_trainer_carla.py:497) Total Episode:   658 Steps:  151899 Episode Steps:   243 Return:  1.0000 Success:  1.00, D: 0.00 FPS: 9.67
03:52:03.338 [INFO] (off_policy_trainer_carla.py:497) Total Episode:   659 Steps:  152149 Episode Steps:   250 Return:  1.0000 Success:  1.00, D: 0.00 FPS: 9.74
03:52:29.377 [INFO] (off_policy_trainer_carla.py:497) Total Episode:   660 Steps:  152403 Episode Steps:   254 Return:  1.0000 Success:  1.00, D: 0.00 FPS: 9.76
03:52:54.230 [INFO] (off_policy_trainer_carla.py:497) Total Episode:   661 Steps:  152643 Episode Steps:   240 Return:  1.0000 Success:  1.00, D: 0.00 FPS: 9.66
03:53:20.054 [INFO] (off_policy_trainer_carla.py:497) Total Episode:   662 Steps:  152895 Episode Steps:   252 Return:  1.0000 Success:  1.00, D: 0.00 FPS: 9.76
03:53:47.156 [INFO] (off_policy_trainer_carla.py:497) Total Episode:   663 Steps:  153160 Episode Steps:   265 Return:  1.0000 Success:  1.00, D: 0.00 FPS: 9.78
03:54:12.760 [INFO] (off_policy_trainer_carla.py:497) Total Episode:   664 Steps:  153409 Episode Steps:   249 Return:  1.0000 Success:  1.00, D: 0.00 FPS: 9.73
03:54:38.106 [INFO] (off_policy_trainer_carla.py:497) Total Episode:   665 Steps:  153654 Episode Steps:   245 Return:  1.0000 Success:  1.00, D: 0.00 FPS: 9.67
03:55:03.758 [INFO] (off_policy_trainer_carla.py:497) Total Episode:   666 Steps:  153903 Episode Steps:   249 Return:  1.0000 Success:  1.00, D: 0.00 FPS: 9.71
03:55:28.270 [INFO] (off_policy_trainer_carla.py:497) Total Episode:   667 Steps:  154141 Episode Steps:   238 Return:  1.0000 Success:  1.00, D: 0.00 FPS: 9.71
03:55:53.065 [INFO] (off_policy_trainer_carla.py:497) Total Episode:   668 Steps:  154383 Episode Steps:   242 Return:  1.0000 Success:  1.00, D: 0.00 FPS: 9.76
03:56:20.055 [INFO] (off_policy_trainer_carla.py:497) Total Episode:   669 Steps:  154649 Episode Steps:   266 Return:  1.0000 Success:  1.00, D: 0.00 FPS: 9.86
03:56:43.967 [INFO] (off_policy_trainer_carla.py:497) Total Episode:   670 Steps:  154879 Episode Steps:   230 Return:  1.0000 Success:  1.00, D: 0.00 FPS: 9.62
03:57:09.010 [INFO] (off_policy_trainer_carla.py:497) Total Episode:   671 Steps:  155122 Episode Steps:   243 Return:  1.0000 Success:  1.00, D: 0.00 FPS: 9.70
03:57:36.190 [INFO] (off_policy_trainer_carla.py:497) Total Episode:   672 Steps:  155386 Episode Steps:   264 Return:  1.0000 Success:  1.00, D: 0.00 FPS: 9.71
03:58:01.164 [INFO] (off_policy_trainer_carla.py:497) Total Episode:   673 Steps:  155629 Episode Steps:   243 Return:  1.0000 Success:  1.00, D: 0.00 FPS: 9.73
03:58:24.161 [INFO] (off_policy_trainer_carla.py:497) Total Episode:   674 Steps:  155854 Episode Steps:   225 Return:  1.0000 Success:  1.00, D: 0.00 FPS: 9.78
03:58:51.029 [INFO] (off_policy_trainer_carla.py:497) Total Episode:   675 Steps:  156112 Episode Steps:   258 Return:  1.0000 Success:  1.00, D: 0.00 FPS: 9.60
03:59:14.400 [INFO] (off_policy_trainer_carla.py:497) Total Episode:   676 Steps:  156340 Episode Steps:   228 Return:  1.0000 Success:  1.00, D: 0.00 FPS: 9.76
03:59:39.222 [INFO] (off_policy_trainer_carla.py:497) Total Episode:   677 Steps:  156581 Episode Steps:   241 Return:  1.0000 Success:  1.00, D: 0.00 FPS: 9.71
04:00:02.632 [INFO] (off_policy_trainer_carla.py:497) Total Episode:   678 Steps:  156808 Episode Steps:   227 Return:  1.0000 Success:  1.00, D: 0.00 FPS: 9.70
04:00:29.049 [INFO] (off_policy_trainer_carla.py:497) Total Episode:   679 Steps:  157067 Episode Steps:   259 Return:  1.0000 Success:  1.00, D: 0.00 FPS: 9.81
04:00:54.850 [INFO] (off_policy_trainer_carla.py:497) Total Episode:   680 Steps:  157319 Episode Steps:   252 Return:  1.0000 Success:  1.00, D: 0.00 FPS: 9.77
04:01:19.462 [INFO] (off_policy_trainer_carla.py:497) Total Episode:   681 Steps:  157559 Episode Steps:   240 Return:  1.0000 Success:  1.00, D: 0.00 FPS: 9.75
04:01:45.031 [INFO] (off_policy_trainer_carla.py:497) Total Episode:   682 Steps:  157807 Episode Steps:   248 Return:  1.0000 Success:  1.00, D: 0.00 FPS: 9.70
04:02:10.912 [INFO] (off_policy_trainer_carla.py:497) Total Episode:   683 Steps:  158058 Episode Steps:   251 Return:  1.0000 Success:  1.00, D: 0.00 FPS: 9.70
04:02:33.974 [INFO] (off_policy_trainer_carla.py:497) Total Episode:   684 Steps:  158281 Episode Steps:   223 Return:  1.0000 Success:  1.00, D: 0.00 FPS: 9.67
04:02:59.163 [INFO] (off_policy_trainer_carla.py:497) Total Episode:   685 Steps:  158526 Episode Steps:   245 Return:  1.0000 Success:  1.00, D: 0.00 FPS: 9.73
04:03:24.634 [INFO] (off_policy_trainer_carla.py:497) Total Episode:   686 Steps:  158774 Episode Steps:   248 Return:  1.0000 Success:  1.00, D: 0.00 FPS: 9.74
04:03:51.716 [INFO] (off_policy_trainer_carla.py:497) Total Episode:   687 Steps:  159039 Episode Steps:   265 Return:  1.0000 Success:  1.00, D: 0.00 FPS: 9.79
04:04:16.208 [INFO] (off_policy_trainer_carla.py:497) Total Episode:   688 Steps:  159277 Episode Steps:   238 Return:  1.0000 Success:  1.00, D: 0.00 FPS: 9.72
04:04:41.898 [INFO] (off_policy_trainer_carla.py:497) Total Episode:   689 Steps:  159527 Episode Steps:   250 Return:  1.0000 Success:  1.00, D: 0.00 FPS: 9.73
04:05:08.300 [INFO] (off_policy_trainer_carla.py:497) Total Episode:   690 Steps:  159783 Episode Steps:   256 Return:  1.0000 Success:  1.00, D: 0.00 FPS: 9.70
04:05:34.663 [INFO] (off_policy_trainer_carla.py:497) Total Episode:   691 Steps:  160037 Episode Steps:   254 Return:  1.0000 Success:  1.00, D: 0.00 FPS: 9.64
04:06:00.389 [INFO] (off_policy_trainer_carla.py:497) Total Episode:   692 Steps:  160288 Episode Steps:   251 Return:  1.0000 Success:  1.00, D: 0.00 FPS: 9.76
04:06:25.009 [INFO] (off_policy_trainer_carla.py:497) Total Episode:   693 Steps:  160528 Episode Steps:   240 Return:  1.0000 Success:  1.00, D: 0.00 FPS: 9.75
04:06:50.942 [INFO] (off_policy_trainer_carla.py:497) Total Episode:   694 Steps:  160779 Episode Steps:   251 Return:  1.0000 Success:  1.00, D: 0.00 FPS: 9.68
04:07:18.201 [INFO] (off_policy_trainer_carla.py:497) Total Episode:   695 Steps:  161044 Episode Steps:   265 Return:  1.0000 Success:  1.00, D: 0.00 FPS: 9.72
04:07:40.171 [INFO] (off_policy_trainer_carla.py:497) Total Episode:   696 Steps:  161254 Episode Steps:   210 Return:  1.0000 Success:  1.00, D: 0.00 FPS: 9.56
04:08:06.842 [INFO] (off_policy_trainer_carla.py:497) Total Episode:   697 Steps:  161516 Episode Steps:   262 Return:  1.0000 Success:  1.00, D: 0.00 FPS: 9.82
04:08:33.189 [INFO] (off_policy_trainer_carla.py:497) Total Episode:   698 Steps:  161773 Episode Steps:   257 Return:  1.0000 Success:  1.00, D: 0.00 FPS: 9.76
04:08:59.953 [INFO] (off_policy_trainer_carla.py:497) Total Episode:   699 Steps:  162034 Episode Steps:   261 Return:  1.0000 Success:  1.00, D: 0.00 FPS: 9.75
04:09:26.316 [INFO] (off_policy_trainer_carla.py:497) Total Episode:   700 Steps:  162290 Episode Steps:   256 Return:  1.0000 Success:  1.00, D: 0.00 FPS: 9.71
04:09:50.185 [INFO] (off_policy_trainer_carla.py:497) Total Episode:   701 Steps:  162522 Episode Steps:   232 Return:  1.0000 Success:  1.00, D: 0.00 FPS: 9.72
04:10:15.589 [INFO] (off_policy_trainer_carla.py:497) Total Episode:   702 Steps:  162770 Episode Steps:   248 Return:  1.0000 Success:  1.00, D: 0.00 FPS: 9.76
04:10:40.743 [INFO] (off_policy_trainer_carla.py:497) Total Episode:   703 Steps:  163014 Episode Steps:   244 Return:  1.0000 Success:  1.00, D: 0.00 FPS: 9.70
04:11:07.145 [INFO] (off_policy_trainer_carla.py:497) Total Episode:   704 Steps:  163272 Episode Steps:   258 Return:  1.0000 Success:  1.00, D: 0.00 FPS: 9.77
04:11:33.819 [INFO] (off_policy_trainer_carla.py:497) Total Episode:   705 Steps:  163531 Episode Steps:   259 Return:  1.0000 Success:  1.00, D: 0.00 FPS: 9.71
04:12:00.176 [INFO] (off_policy_trainer_carla.py:497) Total Episode:   706 Steps:  163789 Episode Steps:   258 Return:  1.0000 Success:  1.00, D: 0.00 FPS: 9.79
04:12:27.327 [INFO] (off_policy_trainer_carla.py:497) Total Episode:   707 Steps:  164054 Episode Steps:   265 Return:  1.0000 Success:  1.00, D: 0.00 FPS: 9.76
04:12:52.326 [INFO] (off_policy_trainer_carla.py:497) Total Episode:   708 Steps:  164290 Episode Steps:   236 Return:  1.0000 Success:  1.00, D: 0.00 FPS: 9.44
04:13:17.125 [INFO] (off_policy_trainer_carla.py:497) Total Episode:   709 Steps:  164531 Episode Steps:   241 Return:  1.0000 Success:  1.00, D: 0.00 FPS: 9.72
04:13:44.445 [INFO] (off_policy_trainer_carla.py:497) Total Episode:   710 Steps:  164796 Episode Steps:   265 Return:  1.0000 Success:  1.00, D: 0.00 FPS: 9.70
04:14:09.080 [INFO] (off_policy_trainer_carla.py:497) Total Episode:   711 Steps:  165034 Episode Steps:   238 Return:  1.0000 Success:  1.00, D: 0.00 FPS: 9.66
04:14:34.352 [INFO] (off_policy_trainer_carla.py:497) Total Episode:   712 Steps:  165278 Episode Steps:   244 Return:  1.0000 Success:  1.00, D: 0.00 FPS: 9.66
04:14:59.915 [INFO] (off_policy_trainer_carla.py:497) Total Episode:   713 Steps:  165525 Episode Steps:   247 Return:  1.0000 Success:  1.00, D: 0.00 FPS: 9.66
04:15:24.759 [INFO] (off_policy_trainer_carla.py:497) Total Episode:   714 Steps:  165766 Episode Steps:   241 Return:  1.0000 Success:  1.00, D: 0.00 FPS: 9.70
04:15:49.798 [INFO] (off_policy_trainer_carla.py:497) Total Episode:   715 Steps:  166009 Episode Steps:   243 Return:  1.0000 Success:  1.00, D: 0.00 FPS: 9.71
04:16:20.505 [INFO] (off_policy_trainer_carla.py:497) Total Episode:   716 Steps:  166311 Episode Steps:   302 Return:  0.0000 Success:  0.95, D: 0.00 FPS: 9.84
04:16:44.907 [INFO] (off_policy_trainer_carla.py:497) Total Episode:   717 Steps:  166547 Episode Steps:   236 Return:  1.0000 Success:  0.95, D: 0.00 FPS: 9.67
04:17:10.760 [INFO] (off_policy_trainer_carla.py:497) Total Episode:   718 Steps:  166799 Episode Steps:   252 Return:  1.0000 Success:  0.95, D: 0.00 FPS: 9.75
04:17:37.490 [INFO] (off_policy_trainer_carla.py:497) Total Episode:   719 Steps:  167058 Episode Steps:   259 Return:  1.0000 Success:  0.95, D: 0.00 FPS: 9.69
04:18:05.838 [INFO] (off_policy_trainer_carla.py:497) Total Episode:   720 Steps:  167335 Episode Steps:   277 Return:  1.0000 Success:  0.95, D: 0.00 FPS: 9.77
04:18:32.569 [INFO] (off_policy_trainer_carla.py:497) Total Episode:   721 Steps:  167596 Episode Steps:   261 Return:  1.0000 Success:  0.95, D: 0.00 FPS: 9.76
04:18:57.796 [INFO] (off_policy_trainer_carla.py:497) Total Episode:   722 Steps:  167841 Episode Steps:   245 Return:  1.0000 Success:  0.95, D: 0.00 FPS: 9.71
04:19:26.677 [INFO] (off_policy_trainer_carla.py:497) Total Episode:   723 Steps:  168123 Episode Steps:   282 Return:  1.0000 Success:  0.95, D: 0.00 FPS: 9.76
04:19:53.725 [INFO] (off_policy_trainer_carla.py:497) Total Episode:   724 Steps:  168388 Episode Steps:   265 Return:  1.0000 Success:  0.95, D: 0.00 FPS: 9.80
04:20:18.980 [INFO] (off_policy_trainer_carla.py:497) Total Episode:   725 Steps:  168635 Episode Steps:   247 Return:  1.0000 Success:  0.95, D: 0.00 FPS: 9.78
04:20:44.692 [INFO] (off_policy_trainer_carla.py:497) Total Episode:   726 Steps:  168887 Episode Steps:   252 Return:  1.0000 Success:  0.95, D: 0.00 FPS: 9.80
04:21:12.532 [INFO] (off_policy_trainer_carla.py:497) Total Episode:   727 Steps:  169158 Episode Steps:   271 Return:  1.0000 Success:  0.95, D: 0.00 FPS: 9.74
04:21:38.278 [INFO] (off_policy_trainer_carla.py:497) Total Episode:   728 Steps:  169406 Episode Steps:   248 Return:  1.0000 Success:  0.95, D: 0.00 FPS: 9.63
04:22:03.035 [INFO] (off_policy_trainer_carla.py:497) Total Episode:   729 Steps:  169647 Episode Steps:   241 Return:  1.0000 Success:  0.95, D: 0.00 FPS: 9.74
04:22:29.688 [INFO] (off_policy_trainer_carla.py:497) Total Episode:   730 Steps:  169908 Episode Steps:   261 Return:  1.0000 Success:  0.95, D: 0.00 FPS: 9.79
04:22:54.361 [INFO] (off_policy_trainer_carla.py:497) Total Episode:   731 Steps:  170146 Episode Steps:   238 Return:  1.0000 Success:  0.95, D: 0.00 FPS: 9.65
04:23:18.201 [INFO] (off_policy_trainer_carla.py:497) Total Episode:   732 Steps:  170378 Episode Steps:   232 Return:  1.0000 Success:  0.95, D: 0.00 FPS: 9.73
04:23:45.057 [INFO] (off_policy_trainer_carla.py:497) Total Episode:   733 Steps:  170640 Episode Steps:   262 Return:  1.0000 Success:  0.95, D: 0.00 FPS: 9.76
04:24:09.164 [INFO] (off_policy_trainer_carla.py:497) Total Episode:   734 Steps:  170875 Episode Steps:   235 Return:  1.0000 Success:  0.95, D: 0.00 FPS: 9.75
04:24:36.094 [INFO] (off_policy_trainer_carla.py:497) Total Episode:   735 Steps:  171138 Episode Steps:   263 Return:  1.0000 Success:  0.95, D: 0.00 FPS: 9.77
04:25:01.696 [INFO] (off_policy_trainer_carla.py:497) Total Episode:   736 Steps:  171388 Episode Steps:   250 Return:  1.0000 Success:  1.00, D: 0.00 FPS: 9.77
04:25:31.050 [INFO] (off_policy_trainer_carla.py:497) Total Episode:   737 Steps:  171677 Episode Steps:   289 Return:  1.0000 Success:  1.00, D: 0.00 FPS: 9.85
04:25:57.912 [INFO] (off_policy_trainer_carla.py:497) Total Episode:   738 Steps:  171940 Episode Steps:   263 Return:  1.0000 Success:  1.00, D: 0.00 FPS: 9.79
04:26:23.936 [INFO] (off_policy_trainer_carla.py:497) Total Episode:   739 Steps:  172194 Episode Steps:   254 Return:  1.0000 Success:  1.00, D: 0.00 FPS: 9.76
04:26:53.295 [INFO] (off_policy_trainer_carla.py:497) Total Episode:   740 Steps:  172480 Episode Steps:   286 Return:  1.0000 Success:  1.00, D: 0.00 FPS: 9.74
04:27:18.440 [INFO] (off_policy_trainer_carla.py:497) Total Episode:   741 Steps:  172724 Episode Steps:   244 Return:  1.0000 Success:  1.00, D: 0.00 FPS: 9.70
04:27:47.557 [INFO] (off_policy_trainer_carla.py:497) Total Episode:   742 Steps:  173002 Episode Steps:   278 Return:  1.0000 Success:  1.00, D: 0.00 FPS: 9.55
04:28:13.230 [INFO] (off_policy_trainer_carla.py:497) Total Episode:   743 Steps:  173252 Episode Steps:   250 Return:  1.0000 Success:  1.00, D: 0.00 FPS: 9.74
04:28:38.540 [INFO] (off_policy_trainer_carla.py:497) Total Episode:   744 Steps:  173499 Episode Steps:   247 Return:  1.0000 Success:  1.00, D: 0.00 FPS: 9.76
04:29:03.506 [INFO] (off_policy_trainer_carla.py:497) Total Episode:   745 Steps:  173743 Episode Steps:   244 Return:  1.0000 Success:  1.00, D: 0.00 FPS: 9.77
04:29:30.960 [INFO] (off_policy_trainer_carla.py:497) Total Episode:   746 Steps:  174012 Episode Steps:   269 Return:  1.0000 Success:  1.00, D: 0.00 FPS: 9.80
04:29:49.875 [INFO] (off_policy_trainer_carla.py:497) Total Episode:   747 Steps:  174193 Episode Steps:   181 Return: -1.0000 Success:  0.95, D: 0.00 FPS: 9.57
04:30:13.923 [INFO] (off_policy_trainer_carla.py:497) Total Episode:   748 Steps:  174428 Episode Steps:   235 Return:  1.0000 Success:  0.95, D: 0.00 FPS: 9.77
04:30:40.101 [INFO] (off_policy_trainer_carla.py:497) Total Episode:   749 Steps:  174682 Episode Steps:   254 Return:  1.0000 Success:  0.95, D: 0.00 FPS: 9.70
04:31:04.688 [INFO] (off_policy_trainer_carla.py:497) Total Episode:   750 Steps:  174921 Episode Steps:   239 Return:  1.0000 Success:  0.95, D: 0.00 FPS: 9.72
04:31:30.435 [INFO] (off_policy_trainer_carla.py:497) Total Episode:   751 Steps:  175173 Episode Steps:   252 Return:  1.0000 Success:  0.95, D: 0.00 FPS: 9.79
04:31:56.748 [INFO] (off_policy_trainer_carla.py:497) Total Episode:   752 Steps:  175428 Episode Steps:   255 Return:  1.0000 Success:  0.95, D: 0.00 FPS: 9.69
04:32:24.332 [INFO] (off_policy_trainer_carla.py:497) Total Episode:   753 Steps:  175697 Episode Steps:   269 Return:  1.0000 Success:  0.95, D: 0.00 FPS: 9.75
04:32:48.560 [INFO] (off_policy_trainer_carla.py:497) Total Episode:   754 Steps:  175928 Episode Steps:   231 Return:  1.0000 Success:  0.95, D: 0.00 FPS: 9.54
04:33:14.645 [INFO] (off_policy_trainer_carla.py:497) Total Episode:   755 Steps:  176182 Episode Steps:   254 Return:  1.0000 Success:  0.95, D: 0.00 FPS: 9.74
04:33:41.305 [INFO] (off_policy_trainer_carla.py:497) Total Episode:   756 Steps:  176442 Episode Steps:   260 Return:  1.0000 Success:  0.95, D: 0.00 FPS: 9.75
04:34:06.178 [INFO] (off_policy_trainer_carla.py:497) Total Episode:   757 Steps:  176684 Episode Steps:   242 Return:  1.0000 Success:  0.95, D: 0.00 FPS: 9.73
04:34:31.121 [INFO] (off_policy_trainer_carla.py:497) Total Episode:   758 Steps:  176927 Episode Steps:   243 Return:  1.0000 Success:  0.95, D: 0.00 FPS: 9.74
04:34:57.768 [INFO] (off_policy_trainer_carla.py:497) Total Episode:   759 Steps:  177188 Episode Steps:   261 Return:  1.0000 Success:  0.95, D: 0.00 FPS: 9.80
04:35:21.002 [INFO] (off_policy_trainer_carla.py:497) Total Episode:   760 Steps:  177413 Episode Steps:   225 Return:  1.0000 Success:  0.95, D: 0.00 FPS: 9.69
04:35:44.969 [INFO] (off_policy_trainer_carla.py:497) Total Episode:   761 Steps:  177646 Episode Steps:   233 Return:  1.0000 Success:  0.95, D: 0.00 FPS: 9.72
04:36:10.695 [INFO] (off_policy_trainer_carla.py:497) Total Episode:   762 Steps:  177896 Episode Steps:   250 Return:  1.0000 Success:  0.95, D: 0.00 FPS: 9.72
04:36:37.634 [INFO] (off_policy_trainer_carla.py:497) Total Episode:   763 Steps:  178157 Episode Steps:   261 Return:  1.0000 Success:  0.95, D: 0.00 FPS: 9.69
04:37:03.665 [INFO] (off_policy_trainer_carla.py:497) Total Episode:   764 Steps:  178409 Episode Steps:   252 Return:  1.0000 Success:  0.95, D: 0.00 FPS: 9.68
04:37:28.026 [INFO] (off_policy_trainer_carla.py:497) Total Episode:   765 Steps:  178646 Episode Steps:   237 Return:  1.0000 Success:  0.95, D: 0.00 FPS: 9.73
04:37:53.925 [INFO] (off_policy_trainer_carla.py:497) Total Episode:   766 Steps:  178896 Episode Steps:   250 Return:  1.0000 Success:  0.95, D: 0.00 FPS: 9.65
04:38:19.576 [INFO] (off_policy_trainer_carla.py:497) Total Episode:   767 Steps:  179148 Episode Steps:   252 Return:  1.0000 Success:  1.00, D: 0.00 FPS: 9.83
04:38:43.863 [INFO] (off_policy_trainer_carla.py:497) Total Episode:   768 Steps:  179384 Episode Steps:   236 Return:  1.0000 Success:  1.00, D: 0.00 FPS: 9.72
04:39:10.639 [INFO] (off_policy_trainer_carla.py:497) Total Episode:   769 Steps:  179644 Episode Steps:   260 Return:  1.0000 Success:  1.00, D: 0.00 FPS: 9.71
04:39:41.457 [INFO] (off_policy_trainer_carla.py:497) Total Episode:   770 Steps:  179945 Episode Steps:   301 Return: -1.0000 Success:  0.95, D: 0.00 FPS: 9.77
04:40:09.835 [INFO] (off_policy_trainer_carla.py:497) Total Episode:   771 Steps:  180221 Episode Steps:   276 Return:  1.0000 Success:  0.95, D: 0.00 FPS: 9.73
04:40:34.777 [INFO] (off_policy_trainer_carla.py:497) Total Episode:   772 Steps:  180463 Episode Steps:   242 Return:  1.0000 Success:  0.95, D: 0.00 FPS: 9.70
04:40:59.898 [INFO] (off_policy_trainer_carla.py:497) Total Episode:   773 Steps:  180709 Episode Steps:   246 Return:  1.0000 Success:  0.95, D: 0.00 FPS: 9.79
04:41:28.167 [INFO] (off_policy_trainer_carla.py:497) Total Episode:   774 Steps:  180986 Episode Steps:   277 Return:  1.0000 Success:  0.95, D: 0.00 FPS: 9.80
04:41:54.389 [INFO] (off_policy_trainer_carla.py:497) Total Episode:   775 Steps:  181234 Episode Steps:   248 Return:  1.0000 Success:  0.95, D: 0.00 FPS: 9.46
04:42:20.244 [INFO] (off_policy_trainer_carla.py:497) Total Episode:   776 Steps:  181485 Episode Steps:   251 Return:  1.0000 Success:  0.95, D: 0.00 FPS: 9.71
04:42:46.109 [INFO] (off_policy_trainer_carla.py:497) Total Episode:   777 Steps:  181735 Episode Steps:   250 Return:  1.0000 Success:  0.95, D: 0.00 FPS: 9.67
04:43:12.803 [INFO] (off_policy_trainer_carla.py:497) Total Episode:   778 Steps:  181995 Episode Steps:   260 Return:  1.0000 Success:  0.95, D: 0.00 FPS: 9.74
04:43:37.265 [INFO] (off_policy_trainer_carla.py:497) Total Episode:   779 Steps:  182233 Episode Steps:   238 Return:  1.0000 Success:  0.95, D: 0.00 FPS: 9.73
04:44:05.241 [INFO] (off_policy_trainer_carla.py:497) Total Episode:   780 Steps:  182505 Episode Steps:   272 Return:  1.0000 Success:  0.95, D: 0.00 FPS: 9.72
04:44:30.520 [INFO] (off_policy_trainer_carla.py:497) Total Episode:   781 Steps:  182751 Episode Steps:   246 Return:  1.0000 Success:  0.95, D: 0.00 FPS: 9.73
04:44:56.980 [INFO] (off_policy_trainer_carla.py:497) Total Episode:   782 Steps:  183008 Episode Steps:   257 Return:  1.0000 Success:  0.95, D: 0.00 FPS: 9.71
04:45:22.438 [INFO] (off_policy_trainer_carla.py:497) Total Episode:   783 Steps:  183256 Episode Steps:   248 Return:  1.0000 Success:  0.95, D: 0.00 FPS: 9.74
04:45:45.578 [INFO] (off_policy_trainer_carla.py:497) Total Episode:   784 Steps:  183480 Episode Steps:   224 Return:  1.0000 Success:  0.95, D: 0.00 FPS: 9.68
04:46:12.098 [INFO] (off_policy_trainer_carla.py:497) Total Episode:   785 Steps:  183738 Episode Steps:   258 Return:  1.0000 Success:  0.95, D: 0.00 FPS: 9.73
04:46:37.814 [INFO] (off_policy_trainer_carla.py:497) Total Episode:   786 Steps:  183987 Episode Steps:   249 Return:  1.0000 Success:  0.95, D: 0.00 FPS: 9.68
04:47:06.633 [INFO] (off_policy_trainer_carla.py:497) Total Episode:   787 Steps:  184269 Episode Steps:   282 Return:  1.0000 Success:  0.95, D: 0.00 FPS: 9.79
04:47:32.608 [INFO] (off_policy_trainer_carla.py:497) Total Episode:   788 Steps:  184520 Episode Steps:   251 Return:  1.0000 Success:  0.95, D: 0.00 FPS: 9.66
04:47:57.402 [INFO] (off_policy_trainer_carla.py:497) Total Episode:   789 Steps:  184760 Episode Steps:   240 Return:  1.0000 Success:  0.95, D: 0.00 FPS: 9.68
04:48:20.008 [INFO] (off_policy_trainer_carla.py:497) Total Episode:   790 Steps:  184979 Episode Steps:   219 Return:  1.0000 Success:  1.00, D: 0.00 FPS: 9.69
04:48:46.721 [INFO] (off_policy_trainer_carla.py:497) Total Episode:   791 Steps:  185239 Episode Steps:   260 Return:  1.0000 Success:  1.00, D: 0.00 FPS: 9.73
04:49:10.958 [INFO] (off_policy_trainer_carla.py:497) Total Episode:   792 Steps:  185474 Episode Steps:   235 Return:  1.0000 Success:  1.00, D: 0.00 FPS: 9.70
04:49:35.494 [INFO] (off_policy_trainer_carla.py:497) Total Episode:   793 Steps:  185713 Episode Steps:   239 Return:  1.0000 Success:  1.00, D: 0.00 FPS: 9.74
04:50:00.784 [INFO] (off_policy_trainer_carla.py:497) Total Episode:   794 Steps:  185959 Episode Steps:   246 Return:  1.0000 Success:  1.00, D: 0.00 FPS: 9.73
04:50:21.552 [INFO] (off_policy_trainer_carla.py:497) Total Episode:   795 Steps:  186158 Episode Steps:   199 Return:  1.0000 Success:  1.00, D: 0.00 FPS: 9.58
04:50:40.696 [INFO] (off_policy_trainer_carla.py:497) Total Episode:   796 Steps:  186341 Episode Steps:   183 Return: -1.0000 Success:  0.95, D: 0.00 FPS: 9.56
04:51:04.034 [INFO] (off_policy_trainer_carla.py:497) Total Episode:   797 Steps:  186567 Episode Steps:   226 Return:  1.0000 Success:  0.95, D: 0.00 FPS: 9.68
04:51:29.334 [INFO] (off_policy_trainer_carla.py:497) Total Episode:   798 Steps:  186814 Episode Steps:   247 Return:  1.0000 Success:  0.95, D: 0.00 FPS: 9.76
04:51:51.728 [INFO] (off_policy_trainer_carla.py:497) Total Episode:   799 Steps:  187029 Episode Steps:   215 Return:  1.0000 Success:  0.95, D: 0.00 FPS: 9.60
04:52:17.811 [INFO] (off_policy_trainer_carla.py:497) Total Episode:   800 Steps:  187282 Episode Steps:   253 Return:  1.0000 Success:  0.95, D: 0.00 FPS: 9.70
04:52:44.091 [INFO] (off_policy_trainer_carla.py:497) Total Episode:   801 Steps:  187537 Episode Steps:   255 Return:  1.0000 Success:  0.95, D: 0.00 FPS: 9.70
04:53:08.671 [INFO] (off_policy_trainer_carla.py:497) Total Episode:   802 Steps:  187776 Episode Steps:   239 Return:  1.0000 Success:  0.95, D: 0.00 FPS: 9.72
04:53:33.293 [INFO] (off_policy_trainer_carla.py:497) Total Episode:   803 Steps:  188015 Episode Steps:   239 Return:  1.0000 Success:  0.95, D: 0.00 FPS: 9.71
04:53:55.481 [INFO] (off_policy_trainer_carla.py:497) Total Episode:   804 Steps:  188230 Episode Steps:   215 Return:  1.0000 Success:  0.95, D: 0.00 FPS: 9.69
04:54:18.715 [INFO] (off_policy_trainer_carla.py:497) Total Episode:   805 Steps:  188454 Episode Steps:   224 Return:  1.0000 Success:  0.95, D: 0.00 FPS: 9.64
04:54:47.822 [INFO] (off_policy_trainer_carla.py:497) Total Episode:   806 Steps:  188740 Episode Steps:   286 Return:  1.0000 Success:  0.95, D: 0.00 FPS: 9.83
04:55:14.196 [INFO] (off_policy_trainer_carla.py:497) Total Episode:   807 Steps:  188997 Episode Steps:   257 Return:  1.0000 Success:  0.95, D: 0.00 FPS: 9.75
04:55:41.147 [INFO] (off_policy_trainer_carla.py:497) Total Episode:   808 Steps:  189261 Episode Steps:   264 Return:  1.0000 Success:  0.95, D: 0.00 FPS: 9.80
04:56:05.436 [INFO] (off_policy_trainer_carla.py:497) Total Episode:   809 Steps:  189498 Episode Steps:   237 Return:  1.0000 Success:  0.95, D: 0.00 FPS: 9.76
04:56:31.076 [INFO] (off_policy_trainer_carla.py:497) Total Episode:   810 Steps:  189745 Episode Steps:   247 Return:  1.0000 Success:  0.95, D: 0.00 FPS: 9.63
04:56:55.169 [INFO] (off_policy_trainer_carla.py:497) Total Episode:   811 Steps:  189977 Episode Steps:   232 Return:  1.0000 Success:  0.95, D: 0.00 FPS: 9.63
04:57:22.816 [INFO] (off_policy_trainer_carla.py:497) Total Episode:   812 Steps:  190248 Episode Steps:   271 Return:  1.0000 Success:  0.95, D: 0.00 FPS: 9.80
04:57:48.892 [INFO] (off_policy_trainer_carla.py:497) Total Episode:   813 Steps:  190500 Episode Steps:   252 Return:  1.0000 Success:  0.95, D: 0.00 FPS: 9.67
04:58:16.230 [INFO] (off_policy_trainer_carla.py:497) Total Episode:   814 Steps:  190768 Episode Steps:   268 Return:  1.0000 Success:  0.95, D: 0.00 FPS: 9.80
04:58:44.159 [INFO] (off_policy_trainer_carla.py:497) Total Episode:   815 Steps:  191041 Episode Steps:   273 Return:  1.0000 Success:  0.95, D: 0.00 FPS: 9.78
04:59:06.171 [INFO] (off_policy_trainer_carla.py:497) Total Episode:   816 Steps:  191254 Episode Steps:   213 Return:  1.0000 Success:  1.00, D: 0.00 FPS: 9.68
04:59:29.713 [INFO] (off_policy_trainer_carla.py:497) Total Episode:   817 Steps:  191482 Episode Steps:   228 Return:  1.0000 Success:  1.00, D: 0.00 FPS: 9.69
04:59:58.222 [INFO] (off_policy_trainer_carla.py:497) Total Episode:   818 Steps:  191762 Episode Steps:   280 Return:  1.0000 Success:  1.00, D: 0.00 FPS: 9.82
05:00:22.360 [INFO] (off_policy_trainer_carla.py:497) Total Episode:   819 Steps:  191997 Episode Steps:   235 Return:  1.0000 Success:  1.00, D: 0.00 FPS: 9.74
05:00:47.025 [INFO] (off_policy_trainer_carla.py:497) Total Episode:   820 Steps:  192236 Episode Steps:   239 Return:  1.0000 Success:  1.00, D: 0.00 FPS: 9.69
05:01:10.416 [INFO] (off_policy_trainer_carla.py:497) Total Episode:   821 Steps:  192463 Episode Steps:   227 Return:  1.0000 Success:  1.00, D: 0.00 FPS: 9.71
05:01:30.981 [INFO] (off_policy_trainer_carla.py:497) Total Episode:   822 Steps:  192660 Episode Steps:   197 Return:  1.0000 Success:  1.00, D: 0.00 FPS: 9.58
05:01:53.950 [INFO] (off_policy_trainer_carla.py:497) Total Episode:   823 Steps:  192881 Episode Steps:   221 Return:  1.0000 Success:  1.00, D: 0.00 FPS: 9.62
05:02:19.005 [INFO] (off_policy_trainer_carla.py:497) Total Episode:   824 Steps:  193125 Episode Steps:   244 Return:  1.0000 Success:  1.00, D: 0.00 FPS: 9.74
05:02:43.636 [INFO] (off_policy_trainer_carla.py:497) Total Episode:   825 Steps:  193364 Episode Steps:   239 Return:  1.0000 Success:  1.00, D: 0.00 FPS: 9.70
05:03:11.630 [INFO] (off_policy_trainer_carla.py:497) Total Episode:   826 Steps:  193637 Episode Steps:   273 Return:  1.0000 Success:  1.00, D: 0.00 FPS: 9.75
05:03:36.798 [INFO] (off_policy_trainer_carla.py:497) Total Episode:   827 Steps:  193882 Episode Steps:   245 Return:  1.0000 Success:  1.00, D: 0.00 FPS: 9.74
05:04:04.081 [INFO] (off_policy_trainer_carla.py:497) Total Episode:   828 Steps:  194151 Episode Steps:   269 Return:  1.0000 Success:  1.00, D: 0.00 FPS: 9.86
05:04:31.474 [INFO] (off_policy_trainer_carla.py:497) Total Episode:   829 Steps:  194418 Episode Steps:   267 Return:  1.0000 Success:  1.00, D: 0.00 FPS: 9.75
05:04:57.851 [INFO] (off_policy_trainer_carla.py:497) Total Episode:   830 Steps:  194676 Episode Steps:   258 Return:  1.0000 Success:  1.00, D: 0.00 FPS: 9.78
05:05:23.020 [INFO] (off_policy_trainer_carla.py:497) Total Episode:   831 Steps:  194921 Episode Steps:   245 Return:  1.0000 Success:  1.00, D: 0.00 FPS: 9.74
05:05:49.377 [INFO] (off_policy_trainer_carla.py:497) Total Episode:   832 Steps:  195177 Episode Steps:   256 Return:  1.0000 Success:  1.00, D: 0.00 FPS: 9.71
05:06:17.114 [INFO] (off_policy_trainer_carla.py:497) Total Episode:   833 Steps:  195448 Episode Steps:   271 Return:  1.0000 Success:  1.00, D: 0.00 FPS: 9.77
05:06:46.682 [INFO] (off_policy_trainer_carla.py:497) Total Episode:   834 Steps:  195735 Episode Steps:   287 Return:  1.0000 Success:  1.00, D: 0.00 FPS: 9.71
05:07:10.561 [INFO] (off_policy_trainer_carla.py:497) Total Episode:   835 Steps:  195965 Episode Steps:   230 Return:  1.0000 Success:  1.00, D: 0.00 FPS: 9.63
05:07:26.517 [INFO] (off_policy_trainer_carla.py:497) Total Episode:   836 Steps:  196115 Episode Steps:   150 Return: -1.0000 Success:  0.95, D: 0.00 FPS: 9.40
05:07:54.509 [INFO] (off_policy_trainer_carla.py:497) Total Episode:   837 Steps:  196386 Episode Steps:   271 Return:  1.0000 Success:  0.95, D: 0.00 FPS: 9.68
05:08:22.104 [INFO] (off_policy_trainer_carla.py:497) Total Episode:   838 Steps:  196655 Episode Steps:   269 Return:  1.0000 Success:  0.95, D: 0.00 FPS: 9.75
05:08:44.895 [INFO] (off_policy_trainer_carla.py:497) Total Episode:   839 Steps:  196876 Episode Steps:   221 Return:  1.0000 Success:  0.95, D: 0.00 FPS: 9.70
05:09:08.647 [INFO] (off_policy_trainer_carla.py:497) Total Episode:   840 Steps:  197107 Episode Steps:   231 Return:  1.0000 Success:  0.95, D: 0.00 FPS: 9.73
05:09:32.333 [INFO] (off_policy_trainer_carla.py:497) Total Episode:   841 Steps:  197337 Episode Steps:   230 Return:  1.0000 Success:  0.95, D: 0.00 FPS: 9.71
05:09:45.961 [INFO] (off_policy_trainer_carla.py:497) Total Episode:   842 Steps:  197464 Episode Steps:   127 Return: -1.0000 Success:  0.90, D: 0.00 FPS: 9.32
05:09:59.156 [INFO] (off_policy_trainer_carla.py:497) Total Episode:   843 Steps:  197588 Episode Steps:   124 Return: -1.0000 Success:  0.85, D: 0.00 FPS: 9.40
05:10:15.380 [INFO] (off_policy_trainer_carla.py:497) Total Episode:   844 Steps:  197742 Episode Steps:   154 Return: -1.0000 Success:  0.80, D: 0.00 FPS: 9.49
05:10:32.606 [INFO] (off_policy_trainer_carla.py:497) Total Episode:   845 Steps:  197903 Episode Steps:   161 Return: -1.0000 Success:  0.75, D: 0.00 FPS: 9.35
05:10:55.816 [INFO] (off_policy_trainer_carla.py:497) Total Episode:   846 Steps:  198127 Episode Steps:   224 Return:  1.0000 Success:  0.75, D: 0.00 FPS: 9.65
05:11:19.688 [INFO] (off_policy_trainer_carla.py:497) Total Episode:   847 Steps:  198359 Episode Steps:   232 Return:  1.0000 Success:  0.75, D: 0.00 FPS: 9.72
05:11:45.614 [INFO] (off_policy_trainer_carla.py:497) Total Episode:   848 Steps:  198610 Episode Steps:   251 Return:  1.0000 Success:  0.75, D: 0.00 FPS: 9.68
05:12:10.618 [INFO] (off_policy_trainer_carla.py:497) Total Episode:   849 Steps:  198853 Episode Steps:   243 Return:  1.0000 Success:  0.75, D: 0.00 FPS: 9.72
05:12:41.559 [INFO] (off_policy_trainer_carla.py:497) Total Episode:   850 Steps:  199155 Episode Steps:   302 Return:  0.0000 Success:  0.70, D: 0.00 FPS: 9.76
05:13:12.257 [INFO] (off_policy_trainer_carla.py:497) Total Episode:   851 Steps:  199457 Episode Steps:   302 Return:  0.0000 Success:  0.65, D: 0.00 FPS: 9.84
05:13:38.601 [INFO] (off_policy_trainer_carla.py:497) Total Episode:   852 Steps:  199714 Episode Steps:   257 Return:  1.0000 Success:  0.65, D: 0.00 FPS: 9.76
05:14:06.677 [INFO] (off_policy_trainer_carla.py:497) Total Episode:   853 Steps:  199989 Episode Steps:   275 Return:  1.0000 Success:  0.65, D: 0.00 FPS: 9.80
05:19:14.748 [INFO] (off_policy_trainer_carla.py:593) Evaluation Total Steps:  200000 Average Reward  0.0800,success rate:0.08, over  50 episodes
05:19:46.876 [INFO] (off_policy_trainer_carla.py:497) Total Episode:   854 Steps:  200302 Episode Steps:   302 Return:  0.0000 Success:  0.60, D: 0.00 FPS: 9.73
05:20:15.526 [INFO] (off_policy_trainer_carla.py:497) Total Episode:   855 Steps:  200583 Episode Steps:   281 Return:  1.0000 Success:  0.60, D: 0.00 FPS: 9.81
05:20:43.179 [INFO] (off_policy_trainer_carla.py:497) Total Episode:   856 Steps:  200852 Episode Steps:   269 Return:  1.0000 Success:  0.65, D: 0.00 FPS: 9.73
05:21:13.655 [INFO] (off_policy_trainer_carla.py:497) Total Episode:   857 Steps:  201151 Episode Steps:   299 Return:  1.0000 Success:  0.65, D: 0.00 FPS: 9.81
05:21:41.770 [INFO] (off_policy_trainer_carla.py:497) Total Episode:   858 Steps:  201423 Episode Steps:   272 Return:  1.0000 Success:  0.65, D: 0.00 FPS: 9.68
05:22:06.907 [INFO] (off_policy_trainer_carla.py:497) Total Episode:   859 Steps:  201668 Episode Steps:   245 Return:  1.0000 Success:  0.65, D: 0.00 FPS: 9.75
05:22:36.477 [INFO] (off_policy_trainer_carla.py:497) Total Episode:   860 Steps:  201956 Episode Steps:   288 Return:  1.0000 Success:  0.65, D: 0.00 FPS: 9.74
05:23:07.557 [INFO] (off_policy_trainer_carla.py:497) Total Episode:   861 Steps:  202258 Episode Steps:   302 Return:  0.0000 Success:  0.60, D: 0.00 FPS: 9.72
05:23:33.521 [INFO] (off_policy_trainer_carla.py:497) Total Episode:   862 Steps:  202512 Episode Steps:   254 Return:  1.0000 Success:  0.65, D: 0.00 FPS: 9.78
05:24:01.629 [INFO] (off_policy_trainer_carla.py:497) Total Episode:   863 Steps:  202787 Episode Steps:   275 Return:  1.0000 Success:  0.70, D: 0.00 FPS: 9.78
05:24:28.314 [INFO] (off_policy_trainer_carla.py:497) Total Episode:   864 Steps:  203047 Episode Steps:   260 Return:  1.0000 Success:  0.75, D: 0.00 FPS: 9.74
05:24:55.936 [INFO] (off_policy_trainer_carla.py:497) Total Episode:   865 Steps:  203315 Episode Steps:   268 Return:  1.0000 Success:  0.80, D: 0.00 FPS: 9.70
05:25:23.090 [INFO] (off_policy_trainer_carla.py:497) Total Episode:   866 Steps:  203580 Episode Steps:   265 Return:  1.0000 Success:  0.80, D: 0.00 FPS: 9.76
